total_loss,p_move_loss,_runtime,value_loss,p_move_labeled_frac,oracle_total_positions,_step,policy_loss,p_move_lambda,_timestamp,aux_loss,oracle_unique_positions
,,1169.702962217,,,12907.0,0,,1.0,1773973829.9804323,,10332.0
2.9983251094818115,2.1685469150543213,1169.794198455,0.9949332475662231,1.0,,1,2.003392219543457,,1773973830.071806,2.1685469150543213,
2.9592701196670532,1.7739571332931519,1170.206515633,0.9730945229530334,1.0,,3,1.986175537109375,,1773973830.4842863,1.7739571332931519,
3.0062668323516846,1.7805325984954834,1170.355620742,0.988982081413269,1.0,,4,2.017284631729126,,1773973830.6334627,1.7805325984954834,
3.007295608520508,1.7708492279052734,1170.505041877,0.9884812831878662,0.9999999403953552,,5,2.0188140869140625,,1773973830.782884,1.7708492279052734,
3.0023281574249268,1.755375623703003,1170.514005934,0.9593626260757446,1.0,,6,2.0429654121398926,,1773973830.7919219,1.755375623703003,
2.943798542022705,1.7843780517578125,1170.66170858,0.9498662948608398,1.0,,7,1.9939323663711548,,1773973830.9394524,1.7843780517578125,
2.897540807723999,1.7307531833648682,1170.809039599,0.8971074819564819,1.0,,8,2.0004334449768066,,1773973831.086804,1.7307531833648682,
2.9870563745498657,1.7198718786239624,1170.956262405,0.9536166191101074,1.0,,9,2.0334396362304688,,1773973831.2340674,1.7198718786239624,
2.79282546043396,1.5528347492218018,1171.104063369,0.8579201698303223,0.9999999403953552,,10,1.9349050521850586,,1773973831.3818772,1.5528347492218018,
2.8477394580841064,1.6638944149017334,1171.11089009,0.8864818215370178,1.0,,11,1.9612575769424438,,1773973831.3888066,1.6638944149017334,
2.7678314447402954,1.547411322593689,1171.258816972,0.859619140625,1.0,,12,1.9082123041152954,,1773973831.5365348,1.547411322593689,
2.7097156047821045,1.504793405532837,1171.408309163,0.7827007174491882,1.0,,13,1.927014708518982,,1773973831.6861358,1.504793405532837,
2.794702410697937,1.4737368822097778,1171.557989426,0.8552559614181519,1.0,,14,1.9394464492797852,,1773973831.8358147,1.4737368822097778,
2.595136523246765,1.502787709236145,1171.707729348,0.7500426173210144,0.9999999403953552,,15,1.8450939655303955,,1773973831.985566,1.502787709236145,
2.71152925491333,1.3743443489074707,1171.714508868,0.8004928827285767,1.0,,16,1.9110361337661743,,1773973831.9923656,1.3743443489074707,
2.7473695278167725,1.3164341449737549,1171.863210633,0.8442867994308472,1.0,,17,1.9030828475952148,,1773973832.141063,1.3164341449737549,
2.69709575176239,1.4672023057937622,1172.011845087,0.7702211141586304,1.0,,18,1.9268746376037598,,1773973832.2896597,1.4672023057937622,
2.6091701984405518,1.370018482208252,1172.160581003,0.7820380330085754,1.0,,19,1.827132225036621,,1773973832.4384491,1.370018482208252,
2.7267853021621704,1.2734178304672241,1172.309748316,0.9222195148468018,0.9999999403953552,,20,1.804565668106079,,1773973832.5875452,1.2734178304672241,
,,2397.148206232,,,14112.0,21,,1.0,1773975057.4257677,,11145.0
2.6984446048736572,1.438220739364624,2397.155319588,1.0031652450561523,1.0,,22,1.6952791213989258,,1773975057.4332287,1.438220739364624,
2.5618350505828857,1.2997486591339111,2397.309247689,0.8778853416442871,1.0,,23,1.6839497089385986,,1773975057.587095,1.2997486591339111,
2.4533413648605347,1.3318439722061157,2397.463663754,0.8373316526412964,1.0,,24,1.6160098314285278,,1773975057.7412689,1.3318439722061157,
2.5692025423049927,1.351948618888855,2397.618432028,0.8919744491577148,1.0,,25,1.6772282123565674,,1773975057.8958766,1.351948618888855,
2.4785232543945312,1.329362392425537,2397.770372961,0.81651771068573,1.0,,26,1.6620054244995117,,1773975058.0481741,1.329362392425537,
2.3236252069473267,1.2395528554916382,2397.851821149,0.7336927652359009,1.0,,27,1.5899323225021362,,1773975058.1296659,1.2395528554916382,
2.313616991043091,1.1613361835479736,2398.005329399,0.7310146689414978,1.0,,28,1.5826023817062378,,1773975058.283133,1.1613361835479736,
2.32117235660553,1.2220739126205444,2398.156650069,0.6887083053588867,1.0,,29,1.632464051246643,,1773975058.43443,1.2220739126205444,
2.3007636070251465,1.3280918598175049,2398.310563178,0.7006772756576538,1.0,,30,1.6000864505767822,,1773975058.5883322,1.3280918598175049,
2.316457152366638,1.1860958337783813,2398.464695086,0.7710719108581543,1.0,,31,1.5453851222991943,,1773975058.742195,1.1860958337783813,
2.159393072128296,1.092012643814087,2398.693695898,0.6378614902496338,1.0,,33,1.521531581878662,,1773975058.9713845,1.092012643814087,
2.200000286102295,1.1417248249053955,2398.845708229,0.6024905443191528,1.0,,34,1.5975098609924316,,1773975059.1234806,1.1417248249053955,
2.347839832305908,1.2997536659240723,2398.99720265,0.7070869207382202,1.0,,35,1.6407527923583984,,1773975059.2750514,1.2997536659240723,
2.071137309074402,1.1749950647354126,2399.216865963,0.5317080616950989,1.0,,37,1.5394293069839478,,1773975059.494757,1.1749950647354126,
2.0033587217330933,1.0520092248916626,2399.368056989,0.5011674761772156,1.0,,38,1.502191185951233,,1773975059.6458662,1.0520092248916626,
2.2940412759780884,1.1693605184555054,2399.519416638,0.6540199518203735,1.0,,39,1.6400213241577148,,1773975059.7972028,1.1693605184555054,
2.1688812971115112,1.0637274980545044,2399.670869237,0.5581753253936768,1.0,,40,1.610706090927124,,1773975059.9486353,1.0637274980545044,
2.1367368698120117,1.127742052078247,2399.822115004,0.5526260137557983,1.0,,41,1.5841107368469238,,1773975060.099887,1.127742052078247,
,,3846.327815997,,,16638.0,42,,1.0,1773976506.6052496,,12912.0
2.6037561893463135,1.192063570022583,3846.333691244,1.0984604358673096,1.0,,43,1.505295753479004,,1773976506.6115324,1.192063570022583,
2.420212149620056,1.2077027559280396,3846.487248042,0.8743787407875061,1.0,,44,1.5458335876464844,,1773976506.76504,1.2077027559280396,
2.182257652282715,1.139265537261963,3846.641265693,0.7528337836265564,1.0,,45,1.4294238090515137,,1773976506.918768,1.139265537261963,
2.0838979482650757,1.1233607530593872,3846.794051253,0.6795175075531006,1.0,,46,1.4043805599212646,,1773976507.071712,1.1233607530593872,
2.145413398742676,1.1755733489990234,3846.946277984,0.7437546849250793,1.0,,47,1.4016586542129517,,1773976507.224055,1.1755733489990234,
2.288912534713745,1.218719720840454,3847.100050907,0.7979996800422668,1.0,,48,1.4909127950668335,,1773976507.3778732,1.218719720840454,
2.1700005531311035,1.1163957118988037,3847.137276453,0.7174642086029053,1.0,,49,1.4525363445281982,,1773976507.4151864,1.1163957118988037,
1.921715259552002,1.126063346862793,3847.289564716,0.5002188682556152,1.0,,50,1.4214962720870972,,1773976507.567466,1.126063346862793,
2.1691473722457886,1.155417561531067,3847.443546403,0.6283165812492371,1.0,,51,1.5408306121826172,,1773976507.721349,1.155417561531067,
1.9997072219848633,1.1172866821289062,3847.595499232,0.6007252931594849,1.0,,52,1.398982048034668,,1773976507.873358,1.1172866821289062,
2.011052131652832,1.1339287757873535,3847.751814144,0.565160870552063,1.0,,53,1.445891261100769,,1773976508.0296078,1.1339287757873535,
1.992432951927185,1.1064831018447876,3847.904489148,0.5946860313415527,1.0,,54,1.3977468013763428,,1773976508.1823585,1.1064831018447876,
1.803098440170288,0.8886082172393799,3847.936743946,0.5086444616317749,1.0,,55,1.2944539785385132,,1773976508.2146647,0.8886082172393799,
1.9191269874572754,1.0613069534301758,3848.08885988,0.5284148454666138,1.0,,56,1.3907121419906616,,1773976508.3667362,1.0613069534301758,
1.9687304496765137,1.0896000862121582,3848.241144888,0.49934160709381104,1.0,,57,1.4693888425827026,,1773976508.5188644,1.0896000862121582,
1.8948710560798645,0.979207456111908,3848.392878528,0.539749026298523,1.0,,58,1.3551220893859863,,1773976508.6707315,0.979207456111908,
1.82575923204422,0.9976152777671814,3848.697595945,0.5063576102256775,1.0,,60,1.319401502609253,,1773976508.9753032,0.9976152777671814,
1.962628722190857,0.9864403009414673,3848.729736472,0.5719019174575806,1.0,,61,1.3907268047332764,,1773976509.0075972,0.9864403009414673,
1.7523131370544434,0.8695447444915771,3848.881619606,0.4373430609703064,1.0,,62,1.3149700164794922,,1773976509.159425,0.8695447444915771,
1.901747465133667,1.0239155292510986,3849.034642202,0.5000919103622437,1.0,,63,1.401655673980713,,1773976509.3122437,1.0239155292510986,
2.031256675720215,1.0622575283050537,3849.190597554,0.5980446338653564,1.0,,64,1.4332120418548584,,1773976509.4682,1.0622575283050537,
1.9351617097854614,0.9572533369064331,3849.343246269,0.5102201104164124,1.0,,65,1.4249415397644043,,1773976509.6210325,0.9572533369064331,
1.956147849559784,0.957569420337677,3849.496068914,0.5613961219787598,1.0,,66,1.394751787185669,,1773976509.7738419,0.957569420337677,
,,5313.671005113,,,17368.0,67,,1.0,1773977973.9485803,,13512.0
2.4838515520095825,1.1874250173568726,5313.677126204,1.0821468830108643,1.0,,68,1.4017044305801392,,1773977973.9550116,1.1874250173568726,
2.118186354637146,1.2560960054397583,5313.8310256,0.6976485252380371,1.0,,69,1.420538067817688,,1773977974.108856,1.2560960054397583,
2.198986053466797,1.0716214179992676,5313.982851142,0.7906759977340698,1.0,,70,1.4083099365234375,,1773977974.2607017,1.0716214179992676,
2.110490322113037,1.0262784957885742,5314.13534698,0.8240945339202881,1.0,,71,1.286395788192749,,1773977974.4131458,1.0262784957885742,
2.125115156173706,1.0806405544281006,5314.439327138,0.7502169609069824,1.0,,73,1.3748981952667236,,1773977974.717147,1.0806405544281006,
1.872668981552124,1.0513098239898682,5314.510974539,0.5459025502204895,1.0,,74,1.3267663717269897,,1773977974.7888522,1.0513098239898682,
1.7535642385482788,1.111995816230774,5314.662980612,0.4927838444709778,1.0,,75,1.2607803344726562,,1773977974.9407897,1.111995816230774,
1.8545823097229004,0.9976205825805664,5314.814897902,0.5013288259506226,1.0,,76,1.3532534837722778,,1773977975.0927186,0.9976205825805664,
1.8167167901992798,1.026412844657898,5314.966844385,0.47750234603881836,1.0,,77,1.339214563369751,,1773977975.244692,1.026412844657898,
1.8630914688110352,1.0601696968078613,5315.119029888,0.5211796164512634,1.0,,78,1.341911792755127,,1773977975.3968287,1.0601696968078613,
1.7976409196853638,1.0425628423690796,5315.271060157,0.5051941275596619,1.0,,79,1.2924468517303467,,1773977975.5488691,1.0425628423690796,
1.6683894991874695,0.916880190372467,5315.339631229,0.40295907855033875,1.0,,80,1.2654304504394531,,1773977975.6174932,0.916880190372467,
1.7558972835540771,1.017496109008789,5315.491513346,0.4649156928062439,1.0,,81,1.2909815311431885,,1773977975.7693186,1.017496109008789,
1.6037566661834717,1.0341722965240479,5315.795441856,0.341350793838501,1.0,,83,1.2624058723449707,,1773977976.0732698,1.0341722965240479,
1.9610986709594727,1.0172042846679688,5315.947637213,0.6205911636352539,1.0,,84,1.3405073881149292,,1773977976.225384,1.0172042846679688,
1.8135087490081787,1.004955530166626,5316.099842355,0.48304104804992676,1.0,,85,1.330467700958252,,1773977976.3776472,1.004955530166626,
1.7083148956298828,1.0251131057739258,5316.168874429,0.3906087279319763,1.0,,86,1.3177061080932617,,1773977976.4467807,1.0251131057739258,
1.6358311176300049,1.077996015548706,5316.320968725,0.3302311897277832,1.0,,87,1.3055999279022217,,1773977976.5988421,1.077996015548706,
1.9305517673492432,0.9712269306182861,5316.473196791,0.5822303891181946,1.0,,88,1.3483214378356934,,1773977976.7510169,0.9712269306182861,
1.718989610671997,1.0136077404022217,5316.625290866,0.40351995825767517,1.0,,89,1.31546950340271,,1773977976.9031577,1.0136077404022217,
1.7971288561820984,0.9629912972450256,5316.777594636,0.43792206048965454,1.0,,90,1.3592069149017334,,1773977977.0554352,0.9629912972450256,
1.8566949367523193,0.9529478549957275,5316.929784274,0.4955682158470154,1.0,,91,1.3611266613006592,,1773977977.2076404,0.9529478549957275,
,,6828.453283465,,,18253.0,92,,1.0,1773979488.7309136,,13823.0
2.2807321548461914,1.1793596744537354,6828.460552426,1.039947509765625,1.0,,93,1.2407845258712769,,1773979488.7384179,1.1793596744537354,
2.0623297691345215,1.0473499298095703,6828.619160064,0.8389642834663391,1.0,,94,1.2233654260635376,,1773979488.8969028,1.0473499298095703,
1.9272475242614746,1.1048474311828613,6828.776198339,0.6707533597946167,1.0,,95,1.2564940452575684,,1773979489.053908,1.1048474311828613,
1.8724976778030396,0.9660648107528687,6828.934817525,0.6684283018112183,1.0,,96,1.2040692567825317,,1773979489.212471,0.9660648107528687,
1.9392012357711792,1.148457407951355,6829.092945675,0.6758440732955933,1.0,,97,1.263357162475586,,1773979489.3706455,1.148457407951355,
1.8514512777328491,1.0416780710220337,6829.249966704,0.5648519992828369,1.0,,98,1.2865992784500122,,1773979489.5276387,1.0416780710220337,
1.7729852199554443,0.9348728656768799,6829.375436204,0.6724298596382141,1.0,,99,1.100555419921875,,1773979489.6532688,0.9348728656768799,
1.6536839008331299,1.1043176651000977,6829.53532913,0.4371175765991211,1.0,,100,1.2165663242340088,,1773979489.8130572,1.1043176651000977,
1.6851831674575806,0.9174717664718628,6829.859783434,0.5235230326652527,1.0,,102,1.161660075187683,,1773979490.13728,0.9174717664718628,
1.73438560962677,0.933552622795105,6830.019326235,0.5722364783287048,1.0,,103,1.1621489524841309,,1773979490.2969491,0.933552622795105,
1.6061285138130188,0.9722055792808533,6830.176821285,0.3799703121185303,1.0,,104,1.2261581420898438,,1773979490.4544609,0.9722055792808533,
1.6846965551376343,0.829633355140686,6830.295980211,0.471168577671051,1.0,,105,1.213527798652649,,1773979490.573788,0.829633355140686,
1.4941245317459106,0.8956531286239624,6830.459075911,0.3935562074184418,1.0,,106,1.1005682945251465,,1773979490.736751,0.8956531286239624,
1.7057064175605774,0.8822256922721863,6830.618852612,0.44888508319854736,1.0,,107,1.2568213939666748,,1773979490.8964584,0.8822256922721863,
1.5732610821723938,0.9082714915275574,6830.774989135,0.41068416833877563,1.0,,108,1.1625769138336182,,1773979491.0526507,0.9082714915275574,
1.5527822375297546,0.9895520806312561,6830.933499988,0.371934175491333,1.0,,109,1.1808480024337769,,1773979491.2111552,0.9895520806312561,
1.71818208694458,1.0476303100585938,6831.092179154,0.532768189907074,1.0,,110,1.1854139566421509,,1773979491.369851,1.0476303100585938,
1.625099778175354,0.8568102121353149,6831.210284801,0.4779602289199829,1.0,,111,1.147139549255371,,1773979491.4880915,0.8568102121353149,
1.4692473411560059,0.8666982650756836,6831.36779972,0.37454426288604736,1.0,,112,1.094702959060669,,1773979491.6454515,0.8666982650756836,
1.5048903226852417,0.8554931879043579,6831.523930114,0.35753461718559265,1.0,,113,1.1473557949066162,,1773979491.801687,0.8554931879043579,
1.55641770362854,0.8360865116119385,6831.68082952,0.43558651208877563,1.0,,114,1.1208311319351196,,1773979491.9585614,0.8360865116119385,
,,8389.461187639,,,18710.0,117,,1.0,1773981049.7387018,,14278.0
2.129270553588867,1.0704870223999023,8389.467612568,0.9838082194328308,1.0,,118,1.1454622745513916,,1773981049.7454944,1.0704870223999023,
2.171704888343811,1.1923903226852417,8389.616085848,0.8751239776611328,1.0,,119,1.2965809106826782,,1773981049.893808,1.1923903226852417,
1.9274348020553589,1.127362847328186,8389.76276042,0.7535672187805176,1.0,,120,1.1738675832748413,,1773981050.0405478,1.127362847328186,
1.8513384461402893,0.9786784052848816,8389.909266259,0.7781811356544495,1.0,,121,1.0731573104858398,,1773981050.187088,0.9786784052848816,
1.7393414974212646,1.0613818168640137,8390.05564017,0.59918212890625,1.0,,122,1.1401593685150146,,1773981050.333471,1.0613818168640137,
1.6709386110305786,1.0028437376022339,8390.20221339,0.5689715147018433,1.0,,123,1.1019669771194458,,1773981050.4800208,1.0028437376022339,
1.6545581221580505,0.8515835404396057,8390.334963453,0.612303614616394,1.0,,124,1.0422544479370117,,1773981050.612804,0.8515835404396057,
1.6538360118865967,0.9240424633026123,8390.481489732,0.5167142152786255,1.0,,125,1.1371219158172607,,1773981050.7593129,0.9240424633026123,
1.615923285484314,1.0139604806900024,8390.627917053,0.4834504723548889,1.0,,126,1.1324728727340698,,1773981050.905733,1.0139604806900024,
1.5873892307281494,0.9494040012359619,8390.774284425,0.47633424401283264,1.0,,127,1.1110551357269287,,1773981051.052119,0.9494040012359619,
1.5182183980941772,0.9117947816848755,8391.06706108,0.4162595272064209,1.0,,129,1.1019587516784668,,1773981051.3448682,0.9117947816848755,
1.6520384550094604,0.9333382844924927,8391.197241377,0.514992892742157,1.0,,130,1.1370457410812378,,1773981051.4750943,0.9333382844924927,
1.5360347032546997,0.7605448961257935,8391.489868668,0.4458671808242798,1.0,,132,1.09016752243042,,1773981051.7677083,0.7605448961257935,
1.4731643199920654,0.922849178314209,8391.636225614,0.3544570505619049,1.0,,133,1.118707299232483,,1773981051.9140382,0.922849178314209,
1.542427659034729,0.9501508474349976,8391.782595178,0.36857229471206665,1.0,,134,1.1738554239273071,,1773981052.060418,0.9501508474349976,
1.4646552205085754,0.832882821559906,8391.928961778,0.3857814073562622,1.0,,135,1.078873872756958,,1773981052.2068038,0.832882821559906,
1.5898614525794983,0.9459077715873718,8392.058861274,0.39490509033203125,1.0,,136,1.1949563026428223,,1773981052.336725,0.9459077715873718,
1.48395574092865,0.8242007493972778,8392.205097078,0.3803384304046631,1.0,,137,1.1036171913146973,,1773981052.482942,0.8242007493972778,
1.5027871131896973,0.8043015003204346,8392.644206843,0.40320441126823425,1.0,,140,1.0995826721191406,,1773981052.9220526,0.8043015003204346,
1.5167606472969055,0.8206042647361755,8392.790742517,0.42688319087028503,1.0,,141,1.0898773670196533,,1773981053.0685816,0.8206042647361755,
,,10052.298164937,,,19113.0,142,,1.0,1773982712.575733,,14969.0
2.316249966621399,1.1779841184616089,10052.305954037,1.0657726526260376,1.0,,143,1.2504771947860718,,1773982712.5838246,1.1779841184616089,
2.104734182357788,1.0924677848815918,10052.46537842,0.7990269660949707,1.0,,144,1.3057072162628174,,1773982712.743181,1.0924677848815918,
1.8444018959999084,0.9663824439048767,10052.625788911,0.5978711843490601,1.0,,145,1.2465307712554932,,1773982712.9033883,0.9663824439048767,
1.8671672344207764,1.0321500301361084,10052.789089001,0.5790232419967651,1.0,,146,1.2881441116333008,,1773982713.066396,1.0321500301361084,
1.819821834564209,1.0157546997070312,10052.949005582,0.6310721635818481,1.0,,147,1.1887495517730713,,1773982713.226585,1.0157546997070312,
1.759462594985962,1.1078548431396484,10053.111959583,0.5249145030975342,1.0,,148,1.2345480918884277,,1773982713.3897386,1.1078548431396484,
1.4601442217826843,0.9102790951728821,10053.280792423,0.32724660634994507,1.0,,149,1.1328976154327393,,1773982713.5586534,0.9102790951728821,
1.602308750152588,0.8795228004455566,10053.441415042,0.4844444692134857,1.0,,150,1.1178643703460693,,1773982713.7192326,0.8795228004455566,
1.5728470087051392,0.9590369462966919,10053.925883374,0.4320276081562042,1.0,,153,1.1408194303512573,,1773982714.2037408,0.9590369462966919,
1.5916494131088257,0.9767838716506958,10054.085629389,0.38093283772468567,1.0,,154,1.2107164859771729,,1773982714.363394,0.9767838716506958,
1.5731022953987122,0.9294583201408386,10054.248428689,0.3651019036769867,1.0,,155,1.2080004215240479,,1773982714.5263329,0.9294583201408386,
1.6574352979660034,0.8791929483413696,10054.406091763,0.4765778183937073,1.0,,156,1.1808576583862305,,1773982714.6839185,0.8791929483413696,
1.5521553754806519,0.9552112817764282,10054.564162288,0.4410557746887207,1.0,,157,1.1110996007919312,,1773982714.8420465,0.9552112817764282,
1.6423826813697815,0.9938783049583435,10054.72221785,0.38825464248657227,1.0,,158,1.2541279792785645,,1773982715.000103,0.9938783049583435,
1.4061504006385803,0.8532165884971619,10054.880110769,0.31435826420783997,1.0,,159,1.091792106628418,,1773982715.157992,0.8532165884971619,
1.510669767856598,0.8052038550376892,10055.038045671,0.41096389293670654,1.0,,160,1.0997059345245361,,1773982715.3158603,0.8052038550376892,
1.46807062625885,0.8297375440597534,10055.199389179,0.3420567214488983,1.0,,161,1.1260138750076294,,1773982715.4772403,0.8297375440597534,
1.3830285668373108,0.7807936072349548,10055.35946617,0.3036835193634033,1.0,,162,1.0793451070785522,,1773982715.6372514,0.7807936072349548,
1.522179365158081,0.8018691539764404,10055.518321841,0.3148835003376007,1.0,,163,1.2072958946228027,,1773982715.7961972,0.8018691539764404,
1.488455891609192,0.866299033164978,10055.679714053,0.34166863560676575,1.0,,164,1.146787166595459,,1773982715.9571948,0.866299033164978,
1.5538311004638672,0.8725566864013672,10055.837679671,0.31060633063316345,1.0,,165,1.2432246208190918,,1773982716.1154096,0.8725566864013672,
1.5130995512008667,0.9099265336990356,10055.995774602,0.3873026371002197,1.0,,166,1.1257970333099365,,1773982716.2735686,0.9099265336990356,
,,11782.935601413,,,19483.0,167,,1.0,1773984443.2130904,,15090.0
1.9610341787338257,1.0470210313796997,11783.106676578,0.697830855846405,1.0,,169,1.2632031440734863,,1773984443.384491,1.0470210313796997,
1.8852667808532715,1.123072624206543,11783.266167446,0.6210699677467346,1.0,,170,1.2641968727111816,,1773984443.544025,1.123072624206543,
2.0073593854904175,1.061787724494934,11783.431435324,0.8047986030578613,1.0,,171,1.2025606632232666,,1773984443.7089095,1.061787724494934,
1.8550089597702026,1.125057339668274,11783.590759632,0.6016637086868286,1.0,,172,1.2533453702926636,,1773984443.8685985,1.125057339668274,
1.8012253046035767,0.9661072492599487,11783.753002485,0.6133726835250854,1.0,,173,1.1878526210784912,,1773984444.0307422,0.9661072492599487,
1.749800205230713,1.1465916633605957,11783.914311348,0.4961484968662262,1.0,,174,1.2536516189575195,,1773984444.1921332,1.1465916633605957,
1.5178190469741821,0.916253924369812,11783.939424888,0.37837663292884827,1.0,,175,1.1394424438476562,,1773984444.217194,0.916253924369812,
1.5779967904090881,0.8716701865196228,11784.10434127,0.44144582748413086,1.0,,176,1.1365509033203125,,1773984444.3818152,0.8716701865196228,
1.5555270910263062,1.015762448310852,11784.264124886,0.2974635660648346,1.0,,177,1.258063554763794,,1773984444.5418506,1.015762448310852,
1.6014318466186523,0.9971537590026855,11784.423477016,0.3509553074836731,1.0,,178,1.250476598739624,,1773984444.7012813,0.9971537590026855,
1.5903350710868835,0.8892338871955872,11784.744482886,0.4095737934112549,1.0,,180,1.1807613372802734,,1773984445.0223281,0.8892338871955872,
1.638159990310669,1.0000097751617432,11784.906072329,0.42379602789878845,1.0,,181,1.214363932609558,,1773984445.183866,1.0000097751617432,
1.5942139625549316,0.8534247875213623,11784.927665382,0.446898877620697,1.0,,182,1.1473150253295898,,1773984445.205569,0.8534247875213623,
1.4289430379867554,0.7943679094314575,11785.08535624,0.2952151894569397,1.0,,183,1.1337276697158813,,1773984445.3631322,0.7943679094314575,
1.5534011125564575,0.9138766527175903,11785.245837973,0.3021578788757324,1.0,,184,1.251243233680725,,1773984445.523651,0.9138766527175903,
1.5637503862380981,0.8093909025192261,11785.407301719,0.34843766689300537,1.0,,185,1.2153128385543823,,1773984445.6848874,0.8093909025192261,
1.4731286764144897,0.8054605722427368,11785.567187949,0.3444429636001587,1.0,,186,1.1286855936050415,,1773984445.8449247,0.8054605722427368,
1.5810748934745789,0.9095435738563538,11785.72732175,0.38497596979141235,1.0,,187,1.196099042892456,,1773984446.0050273,0.9095435738563538,
1.555054783821106,0.9547117948532104,11785.886462884,0.3337523639202118,1.0,,188,1.2213022708892822,,1773984446.164309,0.9547117948532104,
1.4288569688796997,0.815581202507019,11785.908795184,0.2832016944885254,1.0,,189,1.1456553936004639,,1773984446.1866221,0.815581202507019,
1.4488129615783691,0.8544766902923584,11786.066406804,0.3126455545425415,1.0,,190,1.1361674070358276,,1773984446.3442447,0.8544766902923584,
1.5040552616119385,0.8772590160369873,11786.223403472,0.3752220869064331,1.0,,191,1.1288331747055054,,1773984446.5012696,0.8772590160369873,
1.5118242502212524,0.8919681310653687,11786.377741956,0.35723185539245605,1.0,,192,1.154592514038086,,1773984446.6556103,0.8919681310653687,
1.4668427109718323,0.9649316668510437,11786.531879097,0.35282957553863525,1.0,,193,1.1140130758285522,,1773984446.8097577,0.9649316668510437,
1.4578518867492676,0.8688106536865234,11786.686744961,0.30508700013160706,1.0,,194,1.152764916419983,,1773984446.9645896,0.8688106536865234,
1.415220558643341,0.8468956351280212,11786.841636133,0.27606701850891113,1.0,,195,1.1391534805297852,,1773984447.119414,0.8468956351280212,
,,13461.724295233,,,18759.0,196,,1.0,1773986122.001812,,14212.0
2.233468174934387,1.0700973272323608,13461.73292003,1.0775740146636963,1.0,,197,1.1558940410614014,,1773986122.0108042,1.0700973272323608,
1.833236575126648,0.8745404481887817,13461.896457312,0.7339577674865723,1.0,,198,1.0992789268493652,,1773986122.1742249,0.8745404481887817,
1.8904837369918823,1.0392624139785767,13462.0578933,0.7068984508514404,1.0,,199,1.1835854053497314,,1773986122.3355556,1.0392624139785767,
1.7682077884674072,1.0149333477020264,13462.215289694,0.6120386719703674,1.0,,200,1.1561691761016846,,1773986122.492956,1.0149333477020264,
1.7517130374908447,0.9398453235626221,13462.370966886,0.6039206981658936,1.0,,201,1.1477923393249512,,1773986122.648405,0.9398453235626221,
1.591321587562561,0.9725555181503296,13462.528159494,0.4647456705570221,1.0,,202,1.1265759468078613,,1773986122.8058274,0.9725555181503296,
1.6072794198989868,0.8636103868484497,13462.668120044,0.526631236076355,1.0,,203,1.0806481838226318,,1773986122.945985,0.8636103868484497,
1.722573697566986,0.9703159928321838,13462.822515503,0.5539549589157104,1.0,,204,1.1686186790466309,,1773986123.0997915,0.9703159928321838,
1.5889602899551392,0.892351508140564,13462.979004635,0.48112279176712036,1.0,,205,1.107837438583374,,1773986123.2564483,0.892351508140564,
1.497778296470642,0.8792580366134644,13463.139774913,0.40725624561309814,1.0,,206,1.090522050857544,,1773986123.4175365,0.8792580366134644,
1.5785712003707886,1.0010424852371216,13463.301661897,0.3941342234611511,1.0,,207,1.1844370365142822,,1773986123.5794992,1.0010424852371216,
1.5932826399803162,0.9720590710639954,13463.463824556,0.40981823205947876,1.0,,208,1.183464527130127,,1773986123.741627,0.9720590710639954,
1.3814361095428467,0.7775754928588867,13463.613703194,0.30092471837997437,1.0,,209,1.0805113315582275,,1773986123.8916302,0.7775754928588867,
1.413301408290863,0.8699081540107727,13463.777708308,0.3295237123966217,1.0,,210,1.0837777853012085,,1773986124.0555446,0.8699081540107727,
1.424264907836914,0.9431262016296387,13463.943164261,0.2932700216770172,1.0,,211,1.1309947967529297,,1773986124.22102,0.9431262016296387,
1.505293607711792,0.8575198650360107,13464.106062644,0.3576316833496094,1.0,,212,1.1476619243621826,,1773986124.3838959,0.8575198650360107,
1.417040467262268,0.7833589315414429,13464.267821756,0.3971140384674072,1.0,,213,1.0199263095855713,,1773986124.5457032,0.7833589315414429,
1.4115691184997559,0.7956206798553467,13464.429484725,0.34495919942855835,1.0,,214,1.0666098594665527,,1773986124.707289,0.7956206798553467,
1.3646573424339294,0.8308568596839905,13464.576295668,0.28742337226867676,1.0,,215,1.077233910560608,,1773986124.854169,0.8308568596839905,
1.4466233253479004,0.8070154190063477,13464.73634922,0.38151443004608154,1.0,,216,1.0651090145111084,,1773986125.0141878,0.8070154190063477,
1.4297110438346863,0.851532518863678,13464.897932839,0.27543988823890686,1.0,,217,1.154271125793457,,1773986125.1756155,0.851532518863678,
1.410851240158081,0.8669030666351318,13465.058969758,0.3433884084224701,1.0,,218,1.067462682723999,,1773986125.3368068,0.8669030666351318,
1.3083497881889343,0.7488434910774231,13465.220616742,0.3170408308506012,1.0,,219,0.9913089871406555,,1773986125.4984677,0.7488434910774231,
1.5269319415092468,0.7383530735969543,13465.382045569,0.43279755115509033,1.0,,220,1.0941344499588013,,1773986125.6599216,0.7383530735969543,
,,15147.158337025,,,19143.0,221,,1.0,1773987807.4358666,,14692.0
1.8420549035072327,0.9168488383293152,15147.166396103,0.7592687606811523,1.0,,222,1.0827860832214355,,1773987807.4442124,0.9168488383293152,
1.8824235200881958,0.9824966192245483,15147.330414886,0.7543655037879944,1.0,,223,1.1280579566955566,,1773987807.6082423,0.9824966192245483,
1.8436532020568848,1.0474779605865479,15147.491991002,0.7117747664451599,1.0,,224,1.13187837600708,,1773987807.7697234,1.0474779605865479,
1.684557318687439,0.9901415109634399,15147.657211529,0.5036921501159668,1.0,,225,1.1808650493621826,,1773987807.9345777,0.9901415109634399,
1.687246024608612,0.9971526265144348,15147.81713845,0.5267301797866821,1.0,,226,1.1605157852172852,,1773987808.0949466,0.9971526265144348,
1.770267128944397,0.9153152704238892,15147.976855916,0.5644804239273071,1.0,,227,1.2057867050170898,,1773987808.2546527,0.9153152704238892,
1.4415426850318909,0.9924253821372986,15148.143861001,0.31744882464408875,1.0,,228,1.124093770980835,,1773987808.421725,0.9924253821372986,
1.5061494708061218,0.9701307415962219,15148.309426887,0.3446052074432373,1.0,,229,1.1615442037582397,,1773987808.5872688,0.9701307415962219,
1.507694959640503,0.8096468448638916,15148.472834001,0.41783052682876587,1.0,,230,1.0898644924163818,,1773987808.7506993,0.8096468448638916,
1.572991967201233,0.9032057523727417,15148.63265961,0.5024867057800293,1.0,,231,1.0705053806304932,,1773987808.91035,0.9032057523727417,
1.4045343399047852,0.7985954284667969,15148.800708462,0.40089741349220276,1.0,,232,1.0036370754241943,,1773987809.078258,0.7985954284667969,
1.6079460382461548,0.8702424764633179,15148.962175024,0.4986617863178253,1.0,,233,1.1092844009399414,,1773987809.2400293,0.8702424764633179,
1.3764710426330566,0.8378374576568604,15149.131094373,0.3275902271270752,1.0,,234,1.0488808155059814,,1773987809.4090211,0.8378374576568604,
1.3173694610595703,0.7168002128601074,15149.29239772,0.32992130517959595,1.0,,235,0.9874482154846191,,1773987809.5698726,0.7168002128601074,
1.555060625076294,0.9352045059204102,15149.454876781,0.3254947066307068,1.0,,236,1.229565978050232,,1773987809.7323883,0.9352045059204102,
1.4334039688110352,0.7959365844726562,15149.618065628,0.3445732295513153,1.0,,237,1.0888307094573975,,1773987809.8957973,0.7959365844726562,
1.5421072244644165,0.7751845121383667,15149.778589826,0.42798930406570435,1.0,,238,1.114117980003357,,1773987810.0563972,0.7751845121383667,
1.3760485649108887,0.8193948268890381,15149.941112963,0.2584295868873596,1.0,,239,1.1176189184188843,,1773987810.2189271,0.8193948268890381,
1.4364770650863647,0.8830376863479614,15150.112778235,0.31441834568977356,1.0,,240,1.1220588684082031,,1773987810.390355,0.8830376863479614,
1.4679573774337769,0.8682471513748169,15150.278060304,0.31628450751304626,1.0,,241,1.1516728401184082,,1773987810.5555947,0.8682471513748169,
1.349813997745514,0.8114389777183533,15150.444086069,0.32135695219039917,1.0,,242,1.0284569263458252,,1773987810.721643,0.8114389777183533,
1.4756303429603577,0.8218626379966736,15150.621158597,0.3166322708129883,1.0,,243,1.1589980125427246,,1773987810.8987243,0.8218626379966736,
1.3540163040161133,0.7109246253967285,15150.794927727,0.3027683198451996,1.0,,244,1.0512480735778809,,1773987811.0724216,0.7109246253967285,
1.3852819800376892,0.7192571759223938,15150.96376941,0.2802075147628784,1.0,,245,1.1050745248794556,,1773987811.241282,0.7192571759223938,
,,16874.106634282,,,19461.0,246,,1.0,1773989534.3840888,,14916.0
2.3154985904693604,1.1813464164733887,16874.118087397,1.075777292251587,1.0,,247,1.2397212982177734,,1773989534.3957872,1.1813464164733887,
2.0242501497268677,1.0760077238082886,16874.282294327,0.785468339920044,1.0,,248,1.2387818098068237,,1773989534.559688,1.0760077238082886,
1.7829794883728027,0.9813179969787598,16874.43974409,0.6071537733078003,1.0,,249,1.1758257150650024,,1773989534.7172477,0.9813179969787598,
1.7445202469825745,0.9511904120445251,16874.595014107,0.6060522794723511,1.0,,250,1.1384680271148682,,1773989534.8726676,0.9511904120445251,
1.8673155307769775,0.9801478385925293,16874.754956737,0.6125531196594238,1.0,,251,1.2547624111175537,,1773989535.0325534,0.9801478385925293,
1.7122441530227661,1.0177353620529175,16874.913601386,0.4523925185203552,1.0,,252,1.2598518133163452,,1773989535.191453,1.0177353620529175,
1.6891847848892212,1.0361250638961792,16875.075083891,0.5051101446151733,1.0,,253,1.1840745210647583,,1773989535.3529346,1.0361250638961792,
1.5545016527175903,0.9412516355514526,16875.106138128,0.44537121057510376,1.0,,254,1.1091305017471313,,1773989535.384053,0.9412516355514526,
1.5570687651634216,0.8370826840400696,16875.26644086,0.4725760817527771,1.0,,255,1.0844926834106445,,1773989535.5443158,0.8370826840400696,
1.552441656589508,0.8849906325340271,16875.431274491,0.43940919637680054,1.0,,256,1.113032341003418,,1773989535.7091596,0.8849906325340271,
1.5753328800201416,1.0007145404815674,16875.594929431,0.3971167206764221,1.0,,257,1.1782162189483643,,1773989535.8727398,1.0007145404815674,
1.624758780002594,0.9500741362571716,16875.760775945,0.4579581022262573,1.0,,258,1.166800618171692,,1773989536.0386045,0.9500741362571716,
1.5707968473434448,1.0137540102005005,16875.924346028,0.3802308440208435,1.0,,259,1.190565824508667,,1773989536.2021902,1.0137540102005005,
1.693026065826416,0.9014546871185303,16876.084814729,0.4597717523574829,1.0,,260,1.233254313468933,,1773989536.3626678,0.9014546871185303,
1.4303908944129944,0.8698977828025818,16876.107390092,0.2909083366394043,1.0,,261,1.1394824981689453,,1773989536.3852985,0.8698977828025818,
1.4559747576713562,0.9831922650337219,16876.267532332,0.3362424969673157,1.0,,262,1.1197322607040405,,1773989536.5453532,0.9831922650337219,
1.436898648738861,0.7578628659248352,16876.430641491,0.3225459158420563,1.0,,263,1.1143527030944824,,1773989536.7084281,0.7578628659248352,
1.5088929533958435,0.831027090549469,16876.59284509,0.4294663667678833,1.0,,264,1.0794265270233154,,1773989536.870714,0.831027090549469,
1.5024917721748352,0.9204363226890564,16876.751074214,0.3537677526473999,1.0,,265,1.14872407913208,,1773989537.0289483,0.9204363226890564,
1.4457117319107056,0.8344982862472534,16876.910164333,0.3760938346385956,1.0,,266,1.069617748260498,,1773989537.187984,0.8344982862472534,
1.5086219906806946,0.8985413908958435,16877.069416625,0.3410045802593231,1.0,,267,1.1676173210144043,,1773989537.347217,0.8985413908958435,
1.4153456091880798,0.7816045880317688,16877.091613129,0.3173982799053192,1.0,,268,1.097947359085083,,1773989537.3695352,0.7816045880317688,
1.3944841623306274,0.8898776769638062,16877.253178678,0.29369693994522095,1.0,,269,1.1007874011993408,,1773989537.5310733,0.8898776769638062,
1.426129698753357,0.8477417230606079,16877.413158164,0.31488800048828125,1.0,,270,1.1112418174743652,,1773989537.6910434,0.8477417230606079,
1.3556067943572998,0.7167661190032959,16877.574319776,0.32803815603256226,1.0,,271,1.0275686979293823,,1773989537.8521864,0.7167661190032959,
1.478180706501007,0.7460104823112488,16877.735551974,0.3938729465007782,1.0,,272,1.0843076705932617,,1773989538.0130582,0.7460104823112488,
1.4529927968978882,0.8654500246047974,16877.894829965,0.34366536140441895,1.0,,273,1.1093275547027588,,1773989538.1724968,0.8654500246047974,
1.480381965637207,0.7849793434143066,16878.054174987,0.35321325063705444,1.0,,274,1.1271687746047974,,1773989538.3319921,0.7849793434143066,
2.3934789299964905,0.9578697085380554,18521.724138097,1.1223334074020386,1.0,,276,1.2711453437805176,,1773991182.002048,0.9578697085380554,
1.8372108936309814,1.0659379959106445,18521.88466726,0.7129035592079163,1.0,,277,1.12430739402771,,1773991182.1625147,1.0659379959106445,
1.7633131742477417,0.960983395576477,18522.044889461,0.6788710355758667,1.0,,278,1.084442138671875,,1773991182.3227446,0.960983395576477,
1.8893333673477173,1.0259875059127808,18522.205233165,0.66471266746521,1.0,,279,1.2246205806732178,,1773991182.4830344,1.0259875059127808,
1.626236379146576,0.8964365124702454,18522.364550868,0.5755094289779663,1.0,,280,1.0507268905639648,,1773991182.6422677,0.8964365124702454,
1.6853708028793335,1.0217903852462769,18522.526786505,0.5722845792770386,1.0,,281,1.113086223602295,,1773991182.8045976,1.0217903852462769,
1.4131625890731812,0.9067703485488892,18522.679635647,0.35802650451660156,1.0,,282,1.0551362037658691,,1773991182.9575536,0.9067703485488892,
1.6442856788635254,1.0858197212219238,18522.84176877,0.5120483040809631,1.0,,283,1.1322373151779175,,1773991183.1195724,1.0858197212219238,
1.361875295639038,0.8682148456573486,18523.161964219,0.3909568190574646,1.0,,285,0.9709183573722839,,1773991183.439833,0.8682148456573486,
1.5397261381149292,0.9693671464920044,18523.328280017,0.450108140707016,1.0,,286,1.0896179676055908,,1773991183.6060216,0.9693671464920044,
1.4767730236053467,0.9429972171783447,18523.489699958,0.33898887038230896,1.0,,287,1.1377842426300049,,1773991183.7674716,0.9429972171783447,
1.5071777701377869,0.843823254108429,18523.643109843,0.4174388647079468,1.0,,288,1.0897389650344849,,1773991183.9207928,0.843823254108429,
1.3315329551696777,0.7340130805969238,18523.80653007,0.2990264892578125,1.0,,289,1.0325064659118652,,1773991184.0842102,0.7340130805969238,
1.420365333557129,0.8036994934082031,18523.971355428,0.3285217583179474,1.0,,290,1.091843605041504,,1773991184.2489195,0.8036994934082031,
1.1863898634910583,0.7089994549751282,18524.130817538,0.256675660610199,1.0,,291,0.9297142028808594,,1773991184.4086246,0.7089994549751282,
1.4300888776779175,0.8109997510910034,18524.290598957,0.3954087495803833,1.0,,292,1.0346801280975342,,1773991184.5684135,0.8109997510910034,
1.4886887073516846,0.8163344860076904,18524.449413233,0.39890700578689575,1.0,,293,1.089781641960144,,1773991184.727273,0.8163344860076904,
1.3254554867744446,0.7750076651573181,18524.598281803,0.30632472038269043,1.0,,294,1.0191307067871094,,1773991184.876177,0.7750076651573181,
1.4108622670173645,0.861301839351654,18524.757363932,0.3300541639328003,1.0,,295,1.080808162689209,,1773991185.035157,0.861301839351654,
1.4679116010665894,0.845558762550354,18524.916501353,0.3713398277759552,1.0,,296,1.096571922302246,,1773991185.1943028,0.845558762550354,
1.3461039066314697,0.8240001201629639,18525.075100766,0.3874605894088745,1.0,,297,0.9586431980133057,,1773991185.3528728,0.8240001201629639,
1.3560733795166016,0.7395246028900146,18525.394373548,0.3186180591583252,1.0,,299,1.0374553203582764,,1773991185.67217,0.7395246028900146,
,,20222.186571444,,,19467.0,300,,1.0,1773992882.4639695,,14655.0
2.027951240539551,1.0076210498809814,20222.193035499,0.8656508922576904,1.0,,301,1.1623003482818604,,1773992882.4708724,1.0076210498809814,
1.715377688407898,0.9157236814498901,20222.354169454,0.6831629276275635,1.0,,302,1.0322147607803345,,1773992882.631943,0.9157236814498901,
1.7310922145843506,1.0011184215545654,20222.51402592,0.6058140397071838,1.0,,303,1.1252782344818115,,1773992882.7915869,1.0011184215545654,
1.7156366109848022,0.9313236474990845,20222.677535661,0.6158726215362549,1.0,,304,1.099764108657837,,1773992882.9549584,0.9313236474990845,
1.6113989353179932,0.9798934459686279,20222.836303413,0.5182226896286011,1.0,,305,1.0931761264801025,,1773992883.114084,0.9798934459686279,
1.5610436797142029,0.9413369297981262,20222.997125649,0.4601086974143982,1.0,,306,1.1009349822998047,,1773992883.2748997,0.9413369297981262,
1.7029060125350952,1.0902348756790161,20223.15564653,0.495970219373703,1.0,,307,1.2069356441497803,,1773992883.4334633,1.0902348756790161,
1.4320841431617737,0.8661834597587585,20223.180399434,0.3892700970172882,1.0,,308,1.0428141355514526,,1773992883.4582825,0.8661834597587585,
1.4594303369522095,0.8814734220504761,20223.342099158,0.44021075963974,1.0,,309,1.0192196369171143,,1773992883.6199212,0.8814734220504761,
1.4799782633781433,0.8491461873054504,20223.50000124,0.35175812244415283,1.0,,310,1.1282200813293457,,1773992883.7778008,0.8491461873054504,
1.4636917114257812,0.828019380569458,20223.661037598,0.3919505476951599,1.0,,311,1.0717411041259766,,1773992883.9388385,0.828019380569458,
1.5044622421264648,0.8999748229980469,20223.820415816,0.4122943878173828,1.0,,312,1.092167854309082,,1773992884.0981872,0.8999748229980469,
1.393112301826477,0.8664830923080444,20223.97845918,0.391265332698822,1.0,,313,1.0018470287322998,,1773992884.2562783,0.8664830923080444,
1.5080914497375488,0.8451311588287354,20224.137489987,0.4409739673137665,1.0,,314,1.06711745262146,,1773992884.4152517,0.8451311588287354,
1.3649227619171143,0.8485181331634521,20224.158849866,0.3011040687561035,1.0,,315,1.0638185739517212,,1773992884.436723,0.8485181331634521,
1.4988937377929688,0.9012253284454346,20224.316716144,0.3345731496810913,1.0,,316,1.1643205881118774,,1773992884.5943944,0.9012253284454346,
1.3460428714752197,0.8063218593597412,20224.474904727,0.32416653633117676,1.0,,317,1.0218764543533325,,1773992884.7527037,0.8063218593597412,
1.2641471028327942,0.7387928366661072,20224.633106669,0.25728708505630493,1.0,,318,1.0068598985671997,,1773992884.9108913,0.7387928366661072,
1.3888664841651917,0.7896072268486023,20224.791562923,0.3514910638332367,1.0,,319,1.0373754501342773,,1773992885.0693665,0.7896072268486023,
1.3833914995193481,0.8053771257400513,20224.949342301,0.3486109673976898,1.0,,320,1.034780502319336,,1773992885.2271407,0.8053771257400513,
1.320375680923462,0.9015190601348877,20225.107385184,0.3151508569717407,1.0,,321,1.0052249431610107,,1773992885.385186,0.9015190601348877,
1.3080412149429321,0.8235357999801636,20225.128650001,0.29808279871940613,1.0,,322,1.0099585056304932,,1773992885.406517,0.8235357999801636,
1.3225908279418945,0.7089195251464844,20225.286421116,0.27250534296035767,1.0,,323,1.0500855445861816,,1773992885.564259,0.7089195251464844,
1.2473876476287842,0.7207773923873901,20225.444341416,0.27319300174713135,1.0,,324,0.9741947054862976,,1773992885.7221437,0.7207773923873901,
1.4154788255691528,0.6621359586715698,20225.602357599,0.3729249835014343,1.0,,325,1.0425539016723633,,1773992885.8802235,0.6621359586715698,
1.3212422132492065,0.752055287361145,20225.760248995,0.3002846837043762,1.0,,326,1.020957350730896,,1773992886.0381157,0.752055287361145,
1.3571293950080872,0.7834061980247498,20225.918135253,0.3455415964126587,1.0,,327,1.0115878582000732,,1773992886.1959271,0.7834061980247498,
1.3055849075317383,0.7869977951049805,20226.075903144,0.32813429832458496,1.0,,328,0.9774504899978638,,1773992886.3537161,0.7869977951049805,
,,21906.850381152,,,19852.0,329,,1.0,1773994567.127735,,14979.0
2.129038095474243,0.9911670684814453,21906.857461158,0.9169227480888367,1.0,,330,1.2121152877807617,,1773994567.1353114,0.9911670684814453,
1.8514962196350098,1.1325688362121582,21907.019128529,0.7257362604141235,1.0,,331,1.1257600784301758,,1773994567.296936,1.1325688362121582,
1.7391096353530884,1.0231479406356812,21907.178110857,0.6455085873603821,1.0,,332,1.093601107597351,,1773994567.4557943,1.0231479406356812,
1.685746192932129,1.045259714126587,21907.338099186,0.5371583104133606,1.0,,333,1.1485878229141235,,1773994567.6158357,1.045259714126587,
1.5030924081802368,0.8893007040023804,21907.497237228,0.5503258109092712,1.0,,334,0.9527665376663208,,1773994567.7750595,0.8893007040023804,
1.566100835800171,0.9697644710540771,21907.658662165,0.5386780500411987,1.0,,335,1.0274229049682617,,1773994567.9364989,0.9697644710540771,
1.5434404015541077,0.9733671545982361,21907.817917933,0.4618273973464966,1.0,,336,1.0816130638122559,,1773994568.0957341,0.9733671545982361,
1.324221134185791,0.8073892593383789,21907.861463606,0.39336109161376953,1.0,,337,0.9308600425720215,,1773994568.1393328,0.8073892593383789,
1.449074387550354,0.9637516736984253,21908.020743982,0.3781903088092804,1.0,,338,1.0708839893341064,,1773994568.2985837,0.9637516736984253,
1.569049596786499,0.835578203201294,21908.18318815,0.4877246916294098,1.0,,339,1.081324815750122,,1773994568.4610355,0.835578203201294,
1.468827247619629,0.889887809753418,21908.348388208,0.3622949719429016,1.0,,340,1.1065322160720825,,1773994568.626229,0.889887809753418,
1.382135033607483,0.8278471231460571,21908.507501322,0.40183335542678833,1.0,,341,0.9803016781806946,,1773994568.7853727,0.8278471231460571,
1.4962475299835205,0.8151571750640869,21908.666382187,0.4784967303276062,1.0,,342,1.0177507400512695,,1773994568.9442494,0.8151571750640869,
1.6094943284988403,0.8381470441818237,21908.825241771,0.5084884166717529,1.0,,343,1.101006031036377,,1773994569.103099,0.8381470441818237,
1.288963794708252,0.7590508460998535,21908.865537382,0.33877646923065186,1.0,,344,0.9501872658729553,,1773994569.1434116,0.7590508460998535,
1.3717692494392395,0.7853752970695496,21909.182960604,0.36520761251449585,1.0,,346,1.0065616369247437,,1773994569.4608347,0.7853752970695496,
1.3337106704711914,0.8656778335571289,21909.342472948,0.3197944164276123,1.0,,347,1.013916254043579,,1773994569.6202753,0.8656778335571289,
1.4012432098388672,0.7960433959960938,21909.501234104,0.4011267423629761,1.0,,348,1.0001163482666016,,1773994569.7790782,0.7960433959960938,
1.3808408975601196,0.7380088567733765,21909.660228239,0.3747375011444092,1.0,,349,1.006103277206421,,1773994569.9380786,0.7380088567733765,
1.3987460732460022,0.8356685042381287,21909.818904998,0.4353601336479187,1.0,,350,0.9633859395980835,,1773994570.0967658,0.8356685042381287,
1.2187995314598083,0.7187166810035706,21909.859033447,0.2734462022781372,1.0,,351,0.9453533887863159,,1773994570.136916,0.7187166810035706,
1.2753471732139587,0.9050086140632629,21910.017777287,0.216802716255188,1.0,,352,1.058544397354126,,1773994570.2956402,0.9050086140632629,
1.3679704070091248,0.8516214489936829,21910.177096631,0.33393293619155884,1.0,,353,1.034037470817566,,1773994570.4549394,0.8516214489936829,
1.3366140127182007,0.8007179498672485,21910.335788292,0.3157443106174469,1.0,,354,1.0208696126937866,,1773994570.6136343,0.8007179498672485,
1.328388750553131,0.7760517001152039,21910.494734276,0.264390766620636,1.0,,355,1.0639979839324951,,1773994570.772559,0.7760517001152039,
1.3490313291549683,0.7703291177749634,21910.654085057,0.35094770789146423,1.0,,356,0.9980837106704712,,1773994570.9319432,0.7703291177749634,
1.4210385084152222,0.7824894189834595,21910.813052603,0.40899914503097534,1.0,,357,1.012039303779602,,1773994571.0908325,0.7824894189834595,
,,23612.265116266,,,19983.0,358,,1.0,1773996272.542634,,14696.0
1.9776684045791626,1.0076135396957397,23612.272306954,0.9250404238700867,1.0,,359,1.0526278018951416,,1773996272.550169,1.0076135396957397,
1.7736749053001404,0.9908624291419983,23612.434048099,0.7202390432357788,1.0,,360,1.0534358024597168,,1773996272.711818,0.9908624291419983,
1.5711514949798584,0.9175331592559814,23612.593264192,0.5819212198257446,1.0,,361,0.9892303347587585,,1773996272.8710263,0.9175331592559814,
1.506653904914856,0.8575376272201538,23612.753290722,0.5113402009010315,1.0,,362,0.9953138828277588,,1773996273.030979,0.8575376272201538,
1.7054399847984314,0.9536967873573303,23612.912496428,0.5970357656478882,1.0,,363,1.1084041595458984,,1773996273.1902475,0.9536967873573303,
1.5577768683433533,0.9663966298103333,23613.071507643,0.6001571416854858,1.0,,364,0.9576197266578674,,1773996273.349321,0.9663966298103333,
1.53634774684906,0.8644472360610962,23613.230833521,0.5490410327911377,1.0,,365,0.9873068332672119,,1773996273.508621,0.8644472360610962,
1.4799766540527344,0.8068621158599854,23613.28207312,0.5219326019287109,1.0,,366,0.9580440521240234,,1773996273.5599856,0.8068621158599854,
1.4495630264282227,0.8728573322296143,23613.438871782,0.42257046699523926,1.0,,367,1.0269925594329834,,1773996273.716687,0.8728573322296143,
1.4039231538772583,0.9745653867721558,23613.600830553,0.4119797348976135,1.0,,368,0.9919434785842896,,1773996273.8786516,0.9745653867721558,
1.4142838716506958,0.7250179052352905,23613.760600488,0.4997909665107727,1.0,,369,0.9144927859306335,,1773996274.0384004,0.7250179052352905,
1.3564848899841309,0.8501224517822266,23613.921942383,0.36823800206184387,1.0,,370,0.9882469177246094,,1773996274.199722,0.8501224517822266,
1.2911087274551392,0.797195553779602,23614.081151585,0.39057764410972595,1.0,,371,0.9005311131477356,,1773996274.3590147,0.797195553779602,
1.2689141631126404,0.8663080334663391,23614.240346135,0.34431108832359314,1.0,,372,0.9246031045913696,,1773996274.5181854,0.8663080334663391,
1.3670148253440857,0.8609357476234436,23614.287575131,0.3729846179485321,1.0,,373,0.9940301179885864,,1773996274.5654516,0.8609357476234436,
1.3123750686645508,0.8284904956817627,23614.446659676,0.3066120743751526,1.0,,374,1.0057629346847534,,1773996274.7244682,0.8284904956817627,
1.3228291869163513,0.7834253907203674,23614.609349786,0.35508573055267334,1.0,,375,0.9677435159683228,,1773996274.8871093,0.7834253907203674,
1.297315001487732,0.7783056497573853,23614.768382383,0.34240710735321045,1.0,,376,0.9549078941345215,,1773996275.0461853,0.7783056497573853,
1.1908487677574158,0.8197229504585266,23614.928303665,0.28791120648384094,1.0,,377,0.9029375314712524,,1773996275.206107,0.8197229504585266,
1.3935076594352722,0.8436160683631897,23615.087685867,0.34629368782043457,1.0,,378,1.0472139120101929,,1773996275.3655071,0.8436160683631897,
1.337290644645691,0.8255013227462769,23615.24701589,0.360800564289093,1.0,,379,0.9764900803565979,,1773996275.5248299,0.8255013227462769,
1.3112459182739258,0.6409378051757812,23615.453706017,0.36787375807762146,1.0,,381,0.9433721899986267,,1773996275.7315965,0.6409378051757812,
1.2538827657699585,0.7047548294067383,23615.612956691,0.3441360294818878,1.0,,382,0.9097467660903931,,1773996275.8907714,0.7047548294067383,
1.3249492645263672,0.8497653007507324,23615.772618844,0.31045806407928467,1.0,,383,1.0144912004470825,,1773996276.0503633,0.8497653007507324,
1.2942334413528442,0.7264684438705444,23615.93290249,0.33857807517051697,1.0,,384,0.9556552171707153,,1773996276.210691,0.7264684438705444,
1.2632946968078613,0.7767329216003418,23616.092483981,0.30281418561935425,1.0,,385,0.9604804515838623,,1773996276.3702989,0.7767329216003418,
1.3868553042411804,0.8030827641487122,23616.252020435,0.3595463037490845,1.0,,386,1.0273089408874512,,1773996276.5298467,0.8030827641487122,
1.9235520362854004,0.9809310436248779,25304.444595521,0.7472379207611084,1.0,,388,1.176314115524292,,1773997964.7224598,0.9809310436248779,
1.8189648389816284,0.9083138704299927,25304.607238416,0.7073695659637451,1.0,,389,1.1115953922271729,,1773997964.8850334,0.9083138704299927,
1.7107765078544617,0.9270039200782776,25304.767486748,0.6710464954376221,1.0,,390,1.0397300720214844,,1773997965.045288,0.9270039200782776,
1.673009991645813,1.029901385307312,25304.927592926,0.5603047013282776,1.0,,391,1.1127053499221802,,1773997965.2054045,1.029901385307312,
1.7409231662750244,0.9542944431304932,25305.087208709,0.6299240589141846,1.0,,392,1.1109992265701294,,1773997965.3649452,0.9542944431304932,
1.6737021207809448,1.0689960718154907,25305.247044432,0.5630360841751099,1.0,,393,1.1106661558151245,,1773997965.524863,1.0689960718154907,
1.5886050462722778,0.982439398765564,25305.406955658,0.4791628122329712,1.0,,394,1.109442114830017,,1773997965.6847787,0.982439398765564,
1.4370278716087341,0.859504759311676,25305.597400631,0.3979385495185852,1.0,,396,1.0390894412994385,,1773997965.875183,0.859504759311676,
1.4222202897071838,0.8363186717033386,25305.757586159,0.3872256875038147,1.0,,397,1.0349946022033691,,1773997966.0353765,0.8363186717033386,
1.428533911705017,0.9312011003494263,25305.917534611,0.4072992205619812,1.0,,398,1.0212346315383911,,1773997966.1953316,0.9312011003494263,
1.4636383056640625,0.845761775970459,25306.077531115,0.38249722123146057,1.0,,399,1.0811409950256348,,1773997966.3553271,0.845761775970459,
1.3854559659957886,0.7173067331314087,25306.237411555,0.4088740050792694,1.0,,400,0.976581871509552,,1773997966.5152276,0.7173067331314087,
1.3639415502548218,0.7511500120162964,25306.398005926,0.431087851524353,1.0,,401,0.9328536987304688,,1773997966.6758265,0.7511500120162964,
1.2728896141052246,0.8675971031188965,25306.425421365,0.27920418977737427,1.0,,402,0.9936854839324951,,1773997966.7033103,0.8675971031188965,
1.4040119051933289,0.8021131157875061,25306.585181313,0.4111577570438385,1.0,,403,0.9928542375564575,,1773997966.862987,0.8021131157875061,
1.5874359607696533,0.8780052661895752,25306.746338169,0.47720009088516235,1.0,,404,1.1102359294891357,,1773997967.0241463,0.8780052661895752,
1.4885030388832092,0.7262465357780457,25306.906481793,0.387356162071228,1.0,,405,1.101146936416626,,1773997967.1842933,0.7262465357780457,
1.4094444513320923,0.766572117805481,25307.067136275,0.3436774015426636,1.0,,406,1.0657670497894287,,1773997967.344877,0.766572117805481,
1.3227583169937134,0.8112167119979858,25307.227496765,0.30907130241394043,1.0,,407,1.013687014579773,,1773997967.5053022,0.8112167119979858,
1.4419737458229065,0.8791617751121521,25307.387860199,0.364168643951416,1.0,,408,1.0778050422668457,,1773997967.6656773,0.8791617751121521,
1.2724173665046692,0.6708104014396667,25307.415511572,0.26368874311447144,1.0,,409,1.0087285041809082,,1773997967.6933792,0.6708104014396667,
1.449594497680664,0.8280715942382812,25307.575605242,0.35835129022598267,1.0,,410,1.0912432670593262,,1773997967.8534062,0.8280715942382812,
1.1989951133728027,0.6896275281906128,25307.895965391,0.29086393117904663,1.0,,412,0.9081312417984009,,1773997968.1737905,0.6896275281906128,
1.4382826089859009,0.8557742834091187,25308.056394984,0.3489300608634949,1.0,,413,1.0893526077270508,,1773997968.3341553,0.8557742834091187,
1.3605928421020508,0.763535737991333,25308.21676588,0.2929723560810089,1.0,,414,1.0676205158233643,,1773997968.4945831,0.763535737991333,
1.2986809015274048,0.7712992429733276,25308.378628865,0.25532403588294983,1.0,,415,1.043357014656067,,1773997968.6563568,0.7712992429733276,
,,27009.833262455,,,19862.0,416,,1.0,1773999670.1105542,,15293.0
2.182795524597168,1.0567924976348877,27009.83976764,0.9455030560493469,1.0,,417,1.2372924089431763,,1773999670.1176133,1.0567924976348877,
1.724182367324829,1.0572175979614258,27010.002563264,0.6698232293128967,1.0,,418,1.0543591976165771,,1773999670.2803328,1.0572175979614258,
1.8712384700775146,1.0217018127441406,27010.164901,0.7357593178749084,1.0,,419,1.135479211807251,,1773999670.4426067,1.0217018127441406,
1.6934205293655396,0.9779986143112183,27010.325738054,0.5846951007843018,1.0,,420,1.1087253093719482,,1773999670.6035368,0.9779986143112183,
1.6168946027755737,0.9547864198684692,27010.48625669,0.5344520807266235,1.0,,421,1.0824425220489502,,1773999670.7640507,0.9547864198684692,
1.6723527312278748,0.9641831517219543,27010.64895634,0.4958060383796692,1.0,,422,1.1765468120574951,,1773999670.9267788,0.9641831517219543,
1.6105139255523682,0.9784228801727295,27010.809767205,0.5069615244865417,1.0,,423,1.1035523414611816,,1773999671.0875907,0.9784228801727295,
1.3527748584747314,0.7688541412353516,27010.850923543,0.384931743144989,1.0,,424,0.9678430557250977,,1773999671.1287715,0.7688541412353516,
1.383682131767273,0.9137636423110962,27011.012929982,0.3620028495788574,1.0,,425,1.021679162979126,,1773999671.2907083,0.9137636423110962,
1.579980492591858,0.9331187009811401,27011.1732034,0.3978530764579773,1.0,,426,1.1821272373199463,,1773999671.451022,0.9331187009811401,
1.430828332901001,0.7995963096618652,27011.335096148,0.4320499300956726,1.0,,427,0.9987784028053284,,1773999671.6129124,0.7995963096618652,
1.3703124523162842,0.866417646408081,27011.495493202,0.3422907590866089,1.0,,428,1.0280218124389648,,1773999671.7733076,0.866417646408081,
1.525750756263733,0.9738703966140747,27011.656418779,0.3769131898880005,1.0,,429,1.1488375663757324,,1773999671.9342346,0.9738703966140747,
1.430491030216217,0.8662063479423523,27011.816959528,0.3475446105003357,1.0,,430,1.0829463005065918,,1773999672.094664,0.8662063479423523,
1.2380040287971497,0.7183381915092468,27011.861493526,0.2656952142715454,1.0,,431,0.9723088145256042,,1773999672.1393418,0.7183381915092468,
1.367838978767395,0.8281530141830444,27012.021896849,0.3067435622215271,1.0,,432,1.0610952377319336,,1773999672.2997596,0.8281530141830444,
1.4978941082954407,0.9027988314628601,27012.18219241,0.36988773941993713,1.0,,433,1.1280064582824707,,1773999672.4600182,0.9027988314628601,
1.3648581504821777,0.7920928001403809,27012.343570216,0.37340572476387024,1.0,,434,0.9914525151252747,,1773999672.6213996,0.7920928001403809,
1.3578290343284607,0.816897451877594,27012.664197642,0.2505066990852356,1.0,,436,1.1073224544525146,,1773999672.942022,0.816897451877594,
1.3545347452163696,0.8035010099411011,27012.824602908,0.2695274353027344,1.0,,437,1.0850071907043457,,1773999673.1024246,0.8035010099411011,
1.2671800255775452,0.7473167777061462,27013.025679994,0.273870050907135,1.0,,439,0.9933099746704102,,1773999673.303493,0.7473167777061462,
1.3781628608703613,0.7313282489776611,27013.185953553,0.32633236050605774,1.0,,440,1.051830530166626,,1773999673.4637444,0.7313282489776611,
1.2431188225746155,0.6992549300193787,27013.346227101,0.2535814642906189,1.0,,441,0.9895372986793518,,1773999673.624078,0.6992549300193787,
1.4465704560279846,0.7686042189598083,27013.506671005,0.3588940501213074,1.0,,442,1.0876762866973877,,1773999673.784477,0.7686042189598083,
1.3526651859283447,0.7117893695831299,27013.667534158,0.3288195729255676,1.0,,443,1.0238456726074219,,1773999673.9452736,0.7117893695831299,
1.341198742389679,0.7738015055656433,27013.827807656,0.30759555101394653,1.0,,444,1.0336030721664429,,1773999674.1056364,0.7738015055656433,
,,28732.114810521,,,19944.0,445,,1.0,1774001392.392208,,15412.0
2.2941499948501587,1.1389483213424683,28732.121422253,1.0856235027313232,1.0,,446,1.208526372909546,,1774001392.3993177,1.1389483213424683,
1.6915218830108643,1.02604341506958,28732.284531481,0.5994278788566589,1.0,,447,1.0920939445495605,,1774001392.5622742,1.02604341506958,
1.6623216271400452,0.8883287310600281,28732.444905274,0.6146519184112549,1.0,,448,1.047669768333435,,1774001392.7226937,0.8883287310600281,
1.5818983316421509,0.9932154417037964,28732.605026478,0.5302104353904724,1.0,,449,1.0516878366470337,,1774001392.8828623,0.9932154417037964,
1.578844428062439,1.0224100351333618,28732.765313992,0.5022028684616089,1.0,,450,1.07664155960083,,1774001393.0430918,1.0224100351333618,
1.504952311515808,0.9307481050491333,28732.925614354,0.43770742416381836,1.0,,451,1.0672447681427002,,1774001393.2034013,0.9307481050491333,
1.5210137367248535,0.9563355445861816,28733.08584293,0.420926034450531,1.0,,452,1.1000876426696777,,1774001393.3637006,0.9563355445861816,
1.4076677560806274,0.9389547109603882,28733.131828871,0.322858065366745,1.0,,453,1.08480966091156,,1774001393.4096975,0.9389547109603882,
1.4039690494537354,0.9183428287506104,28733.292827221,0.3320789337158203,1.0,,454,1.071890115737915,,1774001393.5705814,0.9183428287506104,
1.4332691431045532,0.7803806066513062,28733.453388976,0.40503495931625366,1.0,,455,1.0282343626022339,,1774001393.7312183,0.7803806066513062,
1.4633816480636597,0.7942217588424683,28733.614106405,0.38267549872398376,1.0,,456,1.0807061195373535,,1774001393.8919268,0.7942217588424683,
1.4788105487823486,0.75923752784729,28733.774585997,0.41190168261528015,1.0,,457,1.0669087171554565,,1774001394.0524342,0.75923752784729,
1.3822592496871948,0.8143409490585327,28733.935211668,0.31802523136138916,1.0,,458,1.0642340183258057,,1774001394.2128649,0.8143409490585327,
1.3121339678764343,0.8151636719703674,28734.095612331,0.3736036419868469,1.0,,459,0.9385303258895874,,1774001394.3734226,0.8151636719703674,
1.3677030801773071,0.8074678182601929,28734.136533061,0.2971101403236389,1.0,,460,1.0705928802490234,,1774001394.4144237,0.8074678182601929,
1.380841314792633,0.8255218863487244,28734.296520434,0.3686956763267517,1.0,,461,1.0121455192565918,,1774001394.5743434,0.8255218863487244,
1.2943639159202576,0.8176448941230774,28734.456943591,0.22774656116962433,1.0,,462,1.0666172504425049,,1774001394.7347655,0.8176448941230774,
1.3570526838302612,0.8368250131607056,28734.617183974,0.3371127247810364,1.0,,463,1.0199397802352905,,1774001394.894987,0.8368250131607056,
1.294073224067688,0.8066800832748413,28734.77761293,0.31828659772872925,1.0,,464,0.9757864475250244,,1774001395.0554464,0.8066800832748413,
1.35061776638031,0.7560983896255493,28734.937994815,0.3811854422092438,1.0,,465,0.9694324731826782,,1774001395.2158031,0.7560983896255493,
1.3460192680358887,0.7746007442474365,28735.098953476,0.3176221251487732,1.0,,466,1.0283970832824707,,1774001395.376735,0.7746007442474365,
1.18607759475708,0.7775901556015015,28735.301556402,0.2022981345653534,1.0,,468,0.9837794303894043,,1774001395.579352,0.7775901556015015,
1.336377203464508,0.791756808757782,28735.461315142,0.2994190752506256,1.0,,469,1.03695809841156,,1774001395.7391112,0.791756808757782,
1.2812107801437378,0.7443910837173462,28735.622268625,0.2762923836708069,1.0,,470,1.0049185752868652,,1774001395.8999257,0.7443910837173462,
1.374101996421814,0.823926568031311,28735.782275888,0.3325827121734619,1.0,,471,1.0415191650390625,,1774001396.0600138,0.823926568031311,
1.2739030122756958,0.855850100517273,28735.94388144,0.19065827131271362,1.0,,472,1.0832446813583374,,1774001396.2217326,0.855850100517273,
1.1199208498001099,0.6837818622589111,28736.103683595,0.23303106427192688,1.0,,473,0.8868897557258606,,1774001396.3815277,0.6837818622589111,
,,30525.700715822,,,20040.0,474,,1.0,1774003185.9781015,,15409.0
2.0748146772384644,0.9531198740005493,30525.707479388,0.9379187822341919,1.0,,475,1.1368958950042725,,1774003185.9852748,0.9531198740005493,
1.7950748205184937,0.9816461801528931,30525.871065268,0.6730116009712219,1.0,,476,1.122063398361206,,1774003186.148805,0.9816461801528931,
1.7538273334503174,0.9821388721466064,30526.032027062,0.6007936000823975,1.0,,477,1.15303373336792,,1774003186.309809,0.9821388721466064,
1.7009833455085754,0.9700152277946472,30526.353713362,0.6217032670974731,1.0,,479,1.0792800188064575,,1774003186.631461,0.9700152277946472,
1.5220414400100708,0.8620256185531616,30526.514434335,0.5110291242599487,1.0,,480,1.011012315750122,,1774003186.792209,0.8620256185531616,
1.5258792638778687,0.8698338270187378,30526.675099463,0.5219153165817261,1.0,,481,1.0039639472961426,,1774003186.9529078,0.8698338270187378,
1.4566189050674438,0.8745936155319214,30526.725010927,0.4281793236732483,1.0,,482,1.0284394025802612,,1774003187.002819,0.8745936155319214,
1.4474433064460754,0.7908350825309753,30526.88637273,0.41833198070526123,1.0,,483,1.029111385345459,,1774003187.16423,0.7908350825309753,
1.562853455543518,0.78069007396698,30527.047242466,0.4592466354370117,1.0,,484,1.1036068201065063,,1774003187.3250303,0.78069007396698,
1.5360262393951416,0.9056243896484375,30527.208845871,0.4158995747566223,1.0,,485,1.120126724243164,,1774003187.4867108,0.9056243896484375,
1.4785453081130981,0.889365553855896,30527.37056397,0.3761070966720581,1.0,,486,1.1024380922317505,,1774003187.6482563,0.889365553855896,
1.3545518517494202,0.9377555251121521,30527.690622308,0.3549956679344177,1.0,,488,0.9995562434196472,,1774003187.9683976,0.9377555251121521,
1.3280119895935059,0.8321709632873535,30527.737851839,0.3266920745372772,1.0,,489,1.0013198852539062,,1774003188.0157228,0.8321709632873535,
1.3228922486305237,0.853756844997406,30527.898042585,0.33593329787254333,1.0,,490,0.9869590401649475,,1774003188.1758578,0.853756844997406,
1.4980071783065796,0.8434487581253052,30528.218927704,0.45118388533592224,1.0,,492,1.046823263168335,,1774003188.4967244,0.8434487581253052,
1.40849769115448,0.7272297143936157,30528.379512182,0.37777388095855713,1.0,,493,1.0307238101959229,,1774003188.6573145,0.7272297143936157,
1.3613882660865784,0.8736221194267273,30528.540065593,0.32664942741394043,1.0,,494,1.0347387790679932,,1774003188.8178656,0.8736221194267273,
1.3286879062652588,0.8590588569641113,30528.700752995,0.2826548218727112,1.0,,495,1.0460331439971924,,1774003188.9785757,0.8590588569641113,
1.3630520105361938,0.7211846113204956,30528.747873591,0.3522300124168396,1.0,,496,1.01082181930542,,1774003189.025709,0.7211846113204956,
1.2956908345222473,0.6983882784843445,30528.909085109,0.29360073804855347,1.0,,497,1.0020900964736938,,1774003189.1869075,0.6983882784843445,
1.3930962681770325,0.7726225256919861,30529.06373204,0.3060113489627838,1.0,,498,1.0870848894119263,,1774003189.3415208,0.7726225256919861,
1.32289719581604,0.790294885635376,30529.215214754,0.24457214772701263,1.0,,499,1.0783249139785767,,1774003189.49307,0.790294885635376,
1.3739070892333984,0.7510662078857422,30529.366402404,0.29216042160987854,1.0,,500,1.0817468166351318,,1774003189.6442096,0.7510662078857422,
1.345041275024414,0.6851968765258789,30529.517467261,0.33208829164505005,1.0,,501,1.0129530429840088,,1774003189.7952628,0.6851968765258789,
1.3547559976577759,0.8210443258285522,30529.66912681,0.2801138758659363,1.0,,502,1.0746420621871948,,1774003189.9469461,0.8210443258285522,
,,32268.933974647,,,19895.0,503,,1.0,1774004929.211397,,15634.0
2.0729331970214844,1.0214569568634033,32268.9405621,0.9400479793548584,1.0,,504,1.132885217666626,,1774004929.218435,1.0214569568634033,
1.7982144355773926,0.9483308792114258,32269.102851997,0.7104237079620361,1.0,,505,1.0877907276153564,,1774004929.3806782,0.9483308792114258,
1.8585249185562134,0.970854640007019,32269.263774779,0.7304282784461975,1.0,,506,1.128096580505371,,1774004929.5415661,0.970854640007019,
1.5788553953170776,0.8973170518875122,32269.425560188,0.506316602230072,1.0,,507,1.0725386142730713,,1774004929.7033675,0.8973170518875122,
1.549992024898529,0.9273393750190735,32269.585978712,0.48264408111572266,1.0,,508,1.0673478841781616,,1774004929.863794,0.9273393750190735,
1.6239554286003113,0.8880923390388489,32269.746105377,0.5123188495635986,1.0,,509,1.1116365194320679,,1774004930.0239265,0.8880923390388489,
1.6432937979698181,0.9336462616920471,32269.906708859,0.520927369594574,1.0,,510,1.1223664283752441,,1774004930.1844628,0.9336462616920471,
1.3125389218330383,0.8820926547050476,32269.94997053,0.31499093770980835,1.0,,511,0.9975479245185852,,1774004930.227839,0.8820926547050476,
1.3738152980804443,0.8774397373199463,32270.110594583,0.27360546588897705,1.0,,512,1.1002099514007568,,1774004930.3883896,0.8774397373199463,
1.3893412351608276,0.8107796907424927,32270.430151938,0.3735891580581665,1.0,,514,1.0157520771026611,,1774004930.707966,0.8107796907424927,
1.3539217114448547,0.8166958689689636,32270.590227897,0.31021326780319214,1.0,,515,1.043708324432373,,1774004930.8680668,0.8166958689689636,
1.3610607385635376,0.8497122526168823,32270.750694894,0.336050808429718,1.0,,516,1.0250097513198853,,1774004931.028507,0.8497122526168823,
1.4437479376792908,0.74490886926651,32270.910644162,0.41779986023902893,1.0,,517,1.025948166847229,,1774004931.1884575,0.74490886926651,
1.3859577178955078,0.7505171298980713,32270.951028448,0.3706853985786438,1.0,,518,1.0152723789215088,,1774004931.2288904,0.7505171298980713,
1.3594260215759277,0.8398947715759277,32271.111704299,0.2913791537284851,1.0,,519,1.0680468082427979,,1774004931.3894515,0.8398947715759277,
1.4111523628234863,0.7525677680969238,32271.271533818,0.37912893295288086,1.0,,520,1.032023310661316,,1774004931.5493746,0.7525677680969238,
1.4750146865844727,0.7355246543884277,32271.430828803,0.388063907623291,1.0,,521,1.0869508981704712,,1774004931.708647,0.7355246543884277,
1.3518286347389221,0.7226306796073914,32271.59074418,0.34723809361457825,1.0,,522,1.0045905113220215,,1774004931.86857,0.7226306796073914,
1.28421550989151,0.8153921961784363,32271.751301633,0.2790166735649109,1.0,,523,1.0051988363265991,,1774004932.0291176,0.8153921961784363,
1.5098685026168823,0.8558813333511353,32271.911858665,0.33553987741470337,1.0,,524,1.1743288040161133,,1774004932.189642,0.8558813333511353,
1.1460098028182983,0.6815922260284424,32271.952270974,0.22451220452785492,1.0,,525,0.921497642993927,,1774004932.230161,0.6815922260284424,
1.284492015838623,0.7647037506103516,32272.111286699,0.2514382600784302,1.0,,526,1.0330536365509033,,1774004932.3891053,0.7647037506103516,
1.329928696155548,0.6718131899833679,32272.267981406,0.3511452078819275,1.0,,527,0.9787834882736206,,1774004932.5458672,0.6718131899833679,
1.386352300643921,0.7748215198516846,32272.423904302,0.28366661071777344,1.0,,528,1.1026856899261475,,1774004932.7017186,0.7748215198516846,
1.3204281330108643,0.8430366516113281,32272.580111105,0.24229560792446136,1.0,,529,1.0781325101852417,,1774004932.857904,0.8430366516113281,
1.3198546171188354,0.7108298540115356,32272.735439717,0.3144451975822449,1.0,,530,1.0054094791412354,,1774004933.0132535,0.7108298540115356,
1.29342782497406,0.7840210199356079,32272.890863142,0.27912911772727966,1.0,,531,1.014298677444458,,1774004933.1686668,0.7840210199356079,
