total_loss,value_loss,policy_loss,_step,_runtime,_timestamp
3.1157243251800537,1.0920131206512451,2.0237112045288086,0,1817.431917367,1773974227.9097316
2.9499130249023438,1.007246494293213,1.9426664113998413,1,1817.651555898,1773974228.1295614
2.9338343143463135,0.9872612953186035,1.94657301902771,2,1817.789481351,1773974228.2676458
2.8804054260253906,0.9240607023239136,1.9563446044921875,3,1817.927101003,1773974228.405295
2.8665990829467773,0.9095444679260254,1.9570547342300415,4,1818.069448095,1773974228.5476391
2.7993297576904297,0.8721804618835449,1.9271494150161743,5,1818.207227738,1773974228.6854217
2.863626718521118,0.9165418148040771,1.947084903717041,6,1818.344871156,1773974228.8230464
2.8345415592193604,0.902496337890625,1.9320452213287354,7,1818.482480212,1773974228.9606774
2.76969575881958,0.8395037651062012,1.9301918745040894,8,1818.620434609,1773974229.098641
2.8568248748779297,0.960019052028656,1.8968058824539185,9,1818.758601395,1773974229.2368104
2.6558358669281006,0.7993299961090088,1.8565058708190918,10,1818.896081176,1773974229.3742867
2.76773738861084,0.9142664670944214,1.853470802307129,11,1819.033434157,1773974229.5116515
2.6833503246307373,0.7867124080657959,1.8966379165649414,12,1819.171052557,1773974229.649228
2.530153274536133,0.7086042761802673,1.8215489387512207,13,1819.308699501,1773974229.7868805
2.638599395751953,0.7997204065322876,1.838878870010376,14,1819.446429619,1773974229.9245975
2.459059238433838,0.6626149415969849,1.796444296836853,15,1819.584082952,1773974230.0622704
2.726330041885376,0.8995716571807861,1.8267583847045898,16,3699.387946539,1773976109.8661773
2.7227659225463867,0.9009245038032532,1.8218414783477783,17,3699.526593611,1773976110.0046837
2.492737054824829,0.8386320471763611,1.6541050672531128,18,3699.660209048,1773976110.1384172
2.425982713699341,0.7626129984855652,1.6633696556091309,19,3699.793630683,1773976110.2718346
2.435720443725586,0.7373063564300537,1.6984139680862427,20,3699.927091287,1773976110.4053087
2.2981836795806885,0.7415771484375,1.5566065311431885,21,3699.953591921,1773976110.4318264
2.394458055496216,0.7536671161651611,1.6407909393310547,22,3700.087067948,1773976110.565276
2.2341952323913574,0.6706733107566833,1.5635218620300293,23,3700.221380142,1773976110.6996098
2.106072425842285,0.5832064151763916,1.522865891456604,24,3700.355114028,1773976110.833335
2.2362098693847656,0.6424753665924072,1.5937345027923584,25,3700.489363588,1773976110.967412
2.2391600608825684,0.6042593717575073,1.6349005699157715,26,3700.512263918,1773976110.9904945
2.0650696754455566,0.494354784488678,1.5707149505615234,27,3700.646393698,1773976111.1246188
2.2992825508117676,0.7047023773193359,1.594580054283142,28,3700.780127553,1773976111.258352
2.151144027709961,0.5204561948776245,1.630687952041626,29,3700.913639054,1773976111.39183
2.1938347816467285,0.5487685203552246,1.6450661420822144,30,3701.04728729,1773976111.52551
2.1411187648773193,0.6041685938835144,1.5369502305984497,31,3701.069370071,1773976111.5476112
2.1573057174682617,0.5883432030677795,1.568962574005127,32,3701.203067131,1773976111.6812994
2.1450796127319336,0.5397258996963501,1.605353593826294,33,3701.336798322,1773976111.8150353
2.0888850688934326,0.5533759593963623,1.5355091094970703,34,3701.4704743,1773976111.948712
2.080976963043213,0.5384154319763184,1.542561411857605,35,3701.604158621,1773976112.0823755
2.621863603591919,1.0798070430755615,1.5420565605163574,36,5927.339860208,1773978337.817971
2.439354419708252,0.8837213516235352,1.5556331872940063,37,5927.480590149,1773978337.9587133
2.32013201713562,0.7685126066207886,1.5516194105148315,38,5927.620084041,1773978338.0982041
2.3255367279052734,0.8019102215766907,1.5236265659332275,39,5927.758699791,1773978338.2368538
2.2367286682128906,0.7633507251739502,1.4733779430389404,40,5927.897249982,1773978338.3753994
2.109861135482788,0.6489781737327576,1.4608829021453857,41,5928.016505201,1773978338.494687
1.9140430688858032,0.544258713722229,1.3697843551635742,42,5928.155152619,1773978338.6333349
1.9078558683395386,0.47305789589881897,1.434798002243042,43,5928.294915706,1773978338.7730532
1.9948877096176147,0.6050623655319214,1.3898253440856934,44,5928.433706499,1773978338.9118845
2.093665838241577,0.681040346622467,1.4126255512237549,45,5928.572620618,1773978339.0507717
2.0035250186920166,0.5503218770027161,1.4532032012939453,46,5928.684520069,1773978339.1626954
1.9500058889389038,0.5103651285171509,1.439640760421753,47,5928.823213957,1773978339.3013732
1.9070682525634766,0.5526288747787476,1.354439377784729,48,5928.962044701,1773978339.4401948
2.0576553344726562,0.6091623306274414,1.4484928846359253,49,5929.100907493,1773978339.5790677
1.8486292362213135,0.4647539258003235,1.3838753700256348,50,5929.239651827,1773978339.7178369
1.9633400440216064,0.5716491341590881,1.391690969467163,51,5929.351408933,1773978339.8295898
1.8523436784744263,0.46343573927879333,1.3889079093933105,52,5929.490215561,1773978339.9683943
2.003347873687744,0.5628921389579773,1.440455675125122,53,5929.629108368,1773978340.107279
1.8593809604644775,0.4532396197319031,1.4061412811279297,54,5929.767979202,1773978340.246141
1.8779571056365967,0.5057939887046814,1.37216317653656,55,5929.906751207,1773978340.3849363
2.402987480163574,0.9261046648025513,1.476882815361023,56,8257.346515013,1773980667.8246832
2.186049461364746,0.796844482421875,1.389204978942871,57,8257.487000994,1773980667.9651995
2.137939453125,0.7200695276260376,1.417870044708252,58,8257.625346486,1773980668.1035547
2.1379361152648926,0.7015267610549927,1.4364092350006104,59,8257.764545171,1773980668.2427986
2.1018412113189697,0.6704676151275635,1.4313735961914062,60,8257.904723729,1773980668.3829117
1.9698158502578735,0.6211494207382202,1.3486664295196533,61,8258.044780574,1773980668.5230083
1.9411166906356812,0.5990864038467407,1.3420302867889404,62,8258.182664492,1773980668.6609132
1.9540259838104248,0.566409707069397,1.3876162767410278,63,8258.321220671,1773980668.7994587
1.8396631479263306,0.5492888689041138,1.2903742790222168,64,8258.462023959,1773980668.9402828
1.9681479930877686,0.531438410282135,1.4367095232009888,65,8258.601857028,1773980669.0800953
1.7219932079315186,0.4780232012271881,1.2439700365066528,66,8258.739360844,1773980669.2176023
1.7218399047851562,0.47486943006515503,1.2469704151153564,67,8258.878651387,1773980669.356918
1.8174259662628174,0.5511907339096069,1.2662352323532104,68,8259.016542005,1773980669.4947817
1.88946533203125,0.4933355450630188,1.396129846572876,69,8259.154743771,1773980669.6329503
1.763476014137268,0.3776811361312866,1.3857948780059814,70,8259.296222795,1773980669.7744524
1.648875117301941,0.4094429910182953,1.2394320964813232,71,8259.434271641,1773980669.9124851
1.7452926635742188,0.4224788546562195,1.322813868522644,72,8259.575515741,1773980670.053733
1.519456148147583,0.31098562479019165,1.2084705829620361,73,8259.720026823,1773980670.19825
1.693014144897461,0.4025024175643921,1.2905117273330688,74,8259.867538717,1773980670.345785
1.6386473178863525,0.3981305956840515,1.2405167818069458,75,8260.012701749,1773980670.490898
2.293560266494751,0.8625787496566772,1.4309815168380737,76,10703.119110768,1773983113.5971391
1.9629721641540527,0.6545892357826233,1.3083829879760742,77,10703.257926456,1773983113.7360837
1.9947915077209473,0.6773763298988342,1.3174151182174683,78,10703.395411766,1773983113.8736074
2.021010398864746,0.7467550039291382,1.2742552757263184,79,10703.532595444,1773983114.010782
1.8812373876571655,0.622416615486145,1.2588207721710205,80,10703.669944209,1773983114.148131
1.855455756187439,0.6097548007965088,1.2457009553909302,81,10703.807417902,1773983114.2855673
1.8026485443115234,0.6499428749084473,1.1527056694030762,82,10703.849075907,1773983114.327256
1.856296181678772,0.5617231130599976,1.2945730686187744,83,10703.986462319,1773983114.464658
1.7466797828674316,0.5437231063842773,1.2029566764831543,84,10704.123722051,1773983114.601917
1.742926836013794,0.4148176312446594,1.3281092643737793,85,10704.260944196,1773983114.7391276
1.835863709449768,0.5422564744949341,1.293607234954834,86,10704.398138409,1773983114.8763213
1.9168925285339355,0.6234951019287109,1.2933974266052246,87,10704.535338491,1773983115.0135088
1.6929998397827148,0.4140285849571228,1.2789711952209473,88,10704.569381444,1773983115.0475717
1.6459629535675049,0.411798357963562,1.2341645956039429,89,10704.707053184,1773983115.1850994
1.7720507383346558,0.5028289556503296,1.2692217826843262,90,10704.844866707,1773983115.3229258
1.6571204662322998,0.3802816569805145,1.276838779449463,91,10704.982042382,1773983115.4602273
1.558980941772461,0.33118653297424316,1.2277944087982178,92,10705.119449876,1773983115.5976052
1.8195000886917114,0.5956217050552368,1.2238783836364746,93,10705.256783108,1773983115.7349663
1.5407507419586182,0.34066706895828247,1.200083613395691,94,10705.291211428,1773983115.7694812
1.8408372402191162,0.5519415140151978,1.2888957262039185,95,10705.428483248,1773983115.9067185
1.5576112270355225,0.42751872539520264,1.1300925016403198,96,10705.565934978,1773983116.0441182
1.5969672203063965,0.4511409103870392,1.1458263397216797,97,10705.703084805,1773983116.1812599
1.492445945739746,0.3522985577583313,1.1401474475860596,98,10705.840226239,1773983116.3184383
1.6098015308380127,0.4021170735359192,1.2076845169067383,99,10705.977248374,1773983116.455477
2.531662940979004,1.1586322784423828,1.373030662536621,100,13113.811252009,1773985524.289458
2.1102395057678223,0.7990188598632812,1.311220645904541,101,13113.95144324,1773985524.4295583
1.9837654829025269,0.770187497138977,1.2135779857635498,102,13114.088609654,1773985524.5667708
1.9956867694854736,0.7414343953132629,1.2542524337768555,103,13114.226060805,1773985524.70428
2.001584529876709,0.7465988397598267,1.2549858093261719,104,13114.363576704,1773985524.8418212
1.7575068473815918,0.591518759727478,1.1659880876541138,105,13114.505771869,1773985524.9839926
1.7272229194641113,0.5791630744934082,1.1480598449707031,106,13114.643725126,1773985525.121974
1.827439308166504,0.666412353515625,1.161026954650879,107,13114.781586494,1773985525.2598255
1.7679959535598755,0.6008948087692261,1.1671011447906494,108,13114.920134655,1773985525.39828
1.736391305923462,0.5503907203674316,1.1860005855560303,109,13115.058260181,1773985525.5364308
1.7718610763549805,0.5515143871307373,1.2203466892242432,110,13115.197268894,1773985525.6754684
1.5627621412277222,0.4036291539669037,1.159132957458496,111,13115.335652778,1773985525.813844
1.6219192743301392,0.5161775350570679,1.1057417392730713,112,13115.47343605,1773985525.9515982
1.6317918300628662,0.5180671215057373,1.113724708557129,113,13115.610974112,1773985526.0891304
1.6931394338607788,0.520046591758728,1.1730928421020508,114,13115.748334036,1773985526.226542
1.5915989875793457,0.4157213568687439,1.1758776903152466,115,13115.886804471,1773985526.3650165
1.7885700464248657,0.5066999197006226,1.2818701267242432,116,13116.024759169,1773985526.503002
1.7813117504119873,0.6055295467376709,1.1757822036743164,117,13116.158069345,1773985526.6362653
1.6291849613189697,0.4859282970428467,1.143256664276123,118,13116.291297588,1773985526.7694752
1.6301909685134888,0.4916519224643707,1.1385390758514404,119,13116.425654567,1773985526.9038692
2.165203094482422,0.8154003024101257,1.349802851676941,120,15597.167468706,1773988007.6455867
2.2628238201141357,0.9557293653488159,1.3070944547653198,121,15597.3031563,1773988007.7813504
1.915684700012207,0.630118727684021,1.285565972328186,122,15597.438205745,1773988007.9164174
1.9400720596313477,0.6527099013328552,1.2873620986938477,123,15597.577076295,1773988008.0553036
1.9081460237503052,0.6157099008560181,1.292436122894287,124,15597.711741191,1773988008.189925
1.7807096242904663,0.6290242671966553,1.151685357093811,125,15597.847481745,1773988008.3257072
1.7525908946990967,0.5858955383300781,1.1666953563690186,126,15597.880845234,1773988008.3590832
1.7704914808273315,0.5159107446670532,1.2545807361602783,127,15598.017682848,1773988008.4959338
1.753416657447815,0.547853946685791,1.205562710762024,128,15598.153160797,1773988008.6313775
1.6166808605194092,0.4972643256187439,1.1194164752960205,129,15598.288461439,1773988008.766706
1.7537569999694824,0.553432047367096,1.2003248929977417,130,15598.423480177,1773988008.901733
1.7261720895767212,0.4846547544002533,1.2415173053741455,131,15598.558507148,1773988009.036756
1.5682439804077148,0.43729403614997864,1.1309499740600586,132,15598.592125901,1773988009.0703807
1.4936305284500122,0.3543865978717804,1.1392439603805542,133,15598.727283007,1773988009.2055123
1.6869652271270752,0.5201635956764221,1.1668015718460083,134,15598.862631071,1773988009.3408453
1.6250853538513184,0.4786808490753174,1.146404504776001,135,15598.997282347,1773988009.4755154
1.642557144165039,0.4058089852333069,1.2367480993270874,136,15599.132505353,1773988009.6107142
1.5813989639282227,0.3790261149406433,1.2023727893829346,137,15599.267494497,1773988009.7457206
1.5291283130645752,0.4229264259338379,1.1062018871307373,138,15599.300810118,1773988009.7790422
1.5144813060760498,0.34896451234817505,1.1655168533325195,139,15599.4365648,1773988009.914817
1.5085346698760986,0.33135175704956055,1.177182912826538,140,15599.571035241,1773988010.0492861
1.5735186338424683,0.42009058594703674,1.153428077697754,141,15599.705224159,1773988010.1834288
1.5038115978240967,0.42598801851272583,1.0778236389160156,142,15599.84075857,1773988010.3190053
1.510812520980835,0.342425674200058,1.1683868169784546,143,15599.974836561,1773988010.453059
2.4800362586975098,1.1114540100097656,1.3685822486877441,144,18219.044242679,1773990629.522467
2.1883933544158936,0.8822178840637207,1.3061754703521729,145,18219.190598775,1773990629.6688285
1.927384853363037,0.6901523470878601,1.2372324466705322,146,18219.332359292,1773990629.8105774
2.051452159881592,0.6915981769561768,1.359853982925415,147,18219.471616685,1773990629.9498773
1.7923272848129272,0.5669378042221069,1.2253894805908203,148,18219.611069483,1773990630.089253
1.783255934715271,0.5874727964401245,1.1957831382751465,149,18219.751571748,1773990630.2298036
1.7159476280212402,0.49422556161880493,1.22172212600708,150,18219.823600052,1773990630.3017526
1.6672618389129639,0.40975621342658997,1.2575056552886963,151,18219.964201076,1773990630.442337
1.5975977182388306,0.42602336406707764,1.171574354171753,152,18220.104258322,1773990630.5824676
1.5980441570281982,0.4743810296058655,1.1236631870269775,153,18220.241943913,1773990630.720129
1.7113620042800903,0.41174769401550293,1.2996143102645874,154,18220.382608733,1773990630.8608487
1.637984037399292,0.4714546203613281,1.1665294170379639,155,18220.524392094,1773990631.002627
1.4977750778198242,0.4312015175819397,1.0665735006332397,156,18220.593192045,1773990631.0714436
1.5704598426818848,0.36738067865371704,1.203079104423523,157,18220.734874094,1773990631.2131164
1.5846667289733887,0.42746806144714355,1.1571986675262451,158,18220.874393472,1773990631.352628
1.6478970050811768,0.47727149724960327,1.1706255674362183,159,18221.013862604,1773990631.4920652
1.573033332824707,0.44253483414649963,1.1304985284805298,160,18221.154214463,1773990631.632431
1.6582499742507935,0.41529738903045654,1.242952585220337,161,18221.293800701,1773990631.7720332
1.5837633609771729,0.45203661918640137,1.1317267417907715,162,18221.362431608,1773990631.840649
1.4948921203613281,0.3556258976459503,1.1392662525177002,163,18221.501200808,1773990631.979399
1.4180516004562378,0.30914008617401123,1.1089115142822266,164,18221.638840219,1773990632.117059
1.598384141921997,0.4411323070526123,1.1572518348693848,165,18221.776804539,1773990632.2550013
1.4503201246261597,0.338839054107666,1.1114810705184937,166,18221.916933272,1773990632.395072
1.6449354887008667,0.4461299479007721,1.198805570602417,167,18222.055329181,1773990632.5335026
2.484651565551758,1.1104768514633179,1.3741745948791504,168,20927.684847682,1773993338.1630447
2.2268869876861572,0.921603262424469,1.3052836656570435,169,20927.825647565,1773993338.3038151
1.9827051162719727,0.7398332953453064,1.242871880531311,170,20927.963803224,1773993338.4419723
1.8496334552764893,0.5740431547164917,1.2755903005599976,171,20928.10207725,1773993338.5801818
1.9020395278930664,0.6509912610054016,1.2510483264923096,172,20928.240205067,1773993338.7184064
1.8998138904571533,0.5717468857765198,1.3280670642852783,173,20928.378575198,1773993338.8567343
1.822778344154358,0.6018997430801392,1.2208786010742188,174,20928.478116692,1773993338.956366
1.5674077272415161,0.49836722016334534,1.0690405368804932,175,20928.616552081,1773993339.0946724
1.6296937465667725,0.43047475814819336,1.199218988418579,176,20928.755746781,1773993339.2339485
1.6554967164993286,0.5105727910995483,1.1449239253997803,177,20928.895337406,1773993339.3735883
1.6040362119674683,0.3800004720687866,1.2240357398986816,178,20929.034270363,1773993339.5125268
1.6324663162231445,0.4902440011501312,1.142222285270691,179,20929.175448735,1773993339.6536815
1.576040506362915,0.45978206396102905,1.1162583827972412,180,20929.273862214,1773993339.7521148
1.5482163429260254,0.40838468074798584,1.1398316621780396,181,20929.41345354,1773993339.891619
1.660447597503662,0.45788246393203735,1.2025651931762695,182,20929.55353334,1773993340.0317147
1.5293148756027222,0.3787488043308258,1.1505661010742188,183,20929.693522114,1773993340.1717684
1.4247322082519531,0.36608219146728516,1.058650016784668,184,20929.832242341,1773993340.3104904
1.5609186887741089,0.42862239480018616,1.1322963237762451,185,20929.972856454,1773993340.4510555
1.5381654500961304,0.3799004852771759,1.1582649946212769,186,20930.070895911,1773993340.5491478
1.4079474210739136,0.29583704471588135,1.1121103763580322,187,20930.210572045,1773993340.6887856
1.3806493282318115,0.3065378665924072,1.0741114616394043,188,20930.351803747,1773993340.8298402
1.5256016254425049,0.414311945438385,1.1112897396087646,189,20930.491706551,1773993340.9699123
1.453133463859558,0.39358392357826233,1.0595495700836182,190,20930.630745126,1773993341.108987
1.3157013654708862,0.248331218957901,1.0673701763153076,191,20930.771418549,1773993341.249587
1.9994843006134033,0.7955753803253174,1.203908920288086,192,23613.714894132,1773996024.1931314
2.2147393226623535,0.9346783757209778,1.280060887336731,193,23613.85447856,1773996024.3326302
1.9348058700561523,0.6909545063972473,1.2438513040542603,194,23613.99251465,1773996024.470735
1.8469958305358887,0.6122539043426514,1.2347419261932373,195,23614.130619132,1773996024.6088676
1.7269179821014404,0.4939672350883484,1.2329506874084473,196,23614.268272897,1773996024.7465212
1.8404866456985474,0.6657114028930664,1.174775242805481,197,23614.407399617,1773996024.885633
1.5838251113891602,0.48177599906921387,1.1020491123199463,198,23614.49944996,1773996024.9776754
1.5911815166473389,0.496717244386673,1.0944643020629883,199,23614.638035055,1773996025.1162798
1.6009306907653809,0.4424112141132355,1.1585195064544678,200,23614.778404675,1773996025.2565932
1.496573567390442,0.44479379057884216,1.0517797470092773,201,23614.919078811,1773996025.3973248
1.5767958164215088,0.42833608388900757,1.1484596729278564,202,23615.056794589,1773996025.5349815
1.6044206619262695,0.4617154002189636,1.1427052021026611,203,23615.196796743,1773996025.6750634
1.4759210348129272,0.36112919449806213,1.1147918701171875,204,23615.283876177,1773996025.7621212
1.3730108737945557,0.33964240550994873,1.033368468284607,205,23615.422032792,1773996025.9001515
1.5015220642089844,0.4293975532054901,1.0721244812011719,206,23615.559781164,1773996026.0380373
1.4294977188110352,0.45110756158828735,0.9783902168273926,207,23615.699382232,1773996026.1776264
1.5288867950439453,0.4329514503479004,1.095935344696045,208,23615.83815903,1773996026.3163426
1.3148524761199951,0.30905187129974365,1.0058006048202515,209,23615.976523268,1773996026.4547265
1.3296488523483276,0.3402615785598755,0.9893872737884521,210,23616.061891468,1773996026.5401478
1.4272677898406982,0.39804935455322266,1.0292184352874756,211,23616.202388273,1773996026.6806245
1.296851634979248,0.27019208669662476,1.0266594886779785,212,23616.343895267,1773996026.822056
1.4249589443206787,0.2976147532463074,1.1273441314697266,213,23616.481968959,1773996026.9601638
1.4006083011627197,0.3347657322883606,1.0658425092697144,214,23616.623877086,1773996027.1020322
1.5205081701278687,0.4367023706436157,1.083805799484253,215,23616.763197982,1773996027.2413514
2.2563629150390625,1.0343315601348877,1.2220314741134644,216,26340.992294914,1773998751.4705112
2.064307928085327,0.7905207872390747,1.2737871408462524,217,26341.131613318,1773998751.6098375
1.9856610298156738,0.8080670833587646,1.1775939464569092,218,26341.2695488,1773998751.7477717
1.7647452354431152,0.6186525225639343,1.1460926532745361,219,26341.408144786,1773998751.8863714
1.741876244544983,0.5435757637023926,1.1983004808425903,220,26341.546691248,1773998752.024947
1.6381689310073853,0.5138431787490845,1.1243257522583008,221,26341.685098671,1773998752.163295
1.5841765403747559,0.4930492043495178,1.0911272764205933,222,26341.783609263,1773998752.2618017
1.6420750617980957,0.47341281175613403,1.168662190437317,223,26341.922361234,1773998752.4005497
1.502195954322815,0.3829232454299927,1.1192727088928223,224,26342.057591917,1773998752.5357769
1.4210851192474365,0.37851664423942566,1.0425684452056885,225,26342.191310996,1773998752.6695178
1.5302975177764893,0.38025814294815063,1.1500394344329834,226,26342.32504082,1773998752.8031642
1.508195400238037,0.40506505966186523,1.1031303405761719,227,26342.458580548,1773998752.9368117
1.4704694747924805,0.34867769479751587,1.1217918395996094,228,26342.550757261,1773998753.0290124
1.5034525394439697,0.387218177318573,1.1162344217300415,229,26342.684197149,1773998753.1623688
1.4836490154266357,0.4055771231651306,1.0780718326568604,230,26342.817765471,1773998753.2959528
1.4160901308059692,0.3385954797267914,1.0774946212768555,231,26342.951331609,1773998753.4295819
1.4357187747955322,0.3699280023574829,1.0657907724380493,232,26343.085197188,1773998753.5634186
1.3376760482788086,0.37566500902175903,0.9620110392570496,233,26343.219927798,1773998753.698133
1.3992118835449219,0.41491347551345825,0.9842983484268188,234,26343.313065035,1773998753.7913027
1.274599552154541,0.2682020664215088,1.0063974857330322,235,26343.446563933,1773998753.9248073
1.4721095561981201,0.37236887216567993,1.099740743637085,236,26343.579992304,1773998754.058235
1.3644523620605469,0.3890366554260254,0.9754157066345215,237,26343.713826695,1773998754.1920843
1.288179636001587,0.27192142605781555,1.0162582397460938,238,26343.848227299,1773998754.3264694
1.3616043329238892,0.35781463980674744,1.0037896633148193,239,26343.983055136,1773998754.4602137
2.1452934741973877,0.8762097954750061,1.2690837383270264,240,29167.566213604,1774001578.0443351
1.9472798109054565,0.7326948642730713,1.2145849466323853,241,29167.706490255,1774001578.18463
1.9615715742111206,0.798701286315918,1.1628702878952026,242,29167.84522727,1774001578.323372
1.8396203517913818,0.6936385035514832,1.145981788635254,243,29167.98313544,1774001578.4612963
1.7985693216323853,0.5143331289291382,1.284236192703247,244,29168.121057781,1774001578.599216
1.863193154335022,0.6453932523727417,1.2177999019622803,245,29168.258922165,1774001578.7371094
1.4689486026763916,0.3855087161064148,1.0834399461746216,246,29168.369721812,1774001578.8479176
1.6292543411254883,0.44494113326072693,1.184313178062439,247,29168.507701359,1774001578.985891
1.5930132865905762,0.4849526286125183,1.108060598373413,248,29168.645826004,1774001579.1240385
1.5350158214569092,0.4113767743110657,1.1236389875411987,249,29168.783953684,1774001579.2620063
1.5384219884872437,0.40910327434539795,1.1293187141418457,250,29168.921724798,1774001579.3998973
1.632127046585083,0.5098641514778137,1.1222628355026245,251,29169.059691826,1774001579.5378757
1.4328868389129639,0.367281973361969,1.06560480594635,252,29169.16629907,1774001579.644487
1.3793914318084717,0.37807971239089966,1.0013116598129272,253,29169.304561032,1774001579.7827156
1.5012034177780151,0.3500114679336548,1.1511919498443604,254,29169.442510434,1774001579.920687
1.411417841911316,0.36457908153533936,1.0468387603759766,255,29169.580398473,1774001580.0585856
1.4834864139556885,0.3910861015319824,1.092400312423706,256,29169.71811871,1774001580.1963248
1.5302019119262695,0.4261210560798645,1.1040809154510498,257,29169.856134662,1774001580.3343313
1.487274169921875,0.3979796767234802,1.08929443359375,258,29169.962727685,1774001580.440924
1.5335235595703125,0.44178342819213867,1.0917401313781738,259,29170.100718339,1774001580.5789027
1.3789795637130737,0.254932165145874,1.1240473985671997,260,29170.238708862,1774001580.7168894
1.3924866914749146,0.35197123885154724,1.040515422821045,261,29170.376634238,1774001580.8548214
1.358264684677124,0.31720614433288574,1.0410585403442383,262,29170.514695868,1774001580.992888
1.4431532621383667,0.3434261083602905,1.0997271537780762,263,29170.652646502,1774001581.1308346
2.3809311389923096,0.9714173674583435,1.4095137119293213,264,31950.563810938,1774004361.0419865
2.0237321853637695,0.8268711566925049,1.196860909461975,265,31950.70467334,1774004361.1828496
1.9464452266693115,0.6402707099914551,1.3061745166778564,266,31950.843401844,1774004361.3216054
1.8631219863891602,0.6757934093475342,1.187328577041626,267,31950.981196183,1774004361.459384
1.7743430137634277,0.6016594171524048,1.172683596611023,268,31951.119271165,1774004361.5974526
1.7525205612182617,0.5353493094444275,1.2171711921691895,269,31951.257280417,1774004361.7354693
1.6156320571899414,0.4767395853996277,1.138892412185669,270,31951.385115604,1774004361.863286
1.5601979494094849,0.4397861957550049,1.12041175365448,271,31951.523323314,1774004362.0015202
1.6022772789001465,0.4488708972930908,1.1534063816070557,272,31951.661495822,1774004362.139652
1.677420973777771,0.42358076572418213,1.2538402080535889,273,31951.799651245,1774004362.277838
1.6892577409744263,0.4728117883205414,1.2164459228515625,274,31951.937717503,1774004362.4159024
1.7244398593902588,0.5256730914115906,1.1987667083740234,275,31952.075915188,1774004362.554111
1.4874156713485718,0.33584344387054443,1.1515722274780273,276,31952.199194806,1774004362.6773837
1.526939868927002,0.396287202835083,1.130652666091919,277,31952.337468085,1774004362.815656
1.4239643812179565,0.3519271910190582,1.0720372200012207,278,31952.476176939,1774004362.9543848
1.4543006420135498,0.36565321683883667,1.0886473655700684,279,31952.615201418,1774004363.0933957
1.4605015516281128,0.39897239208221436,1.0615291595458984,280,31952.75352982,1774004363.2317042
1.5461182594299316,0.45602285861968994,1.0900954008102417,281,31952.891805433,1774004363.370002
1.3436325788497925,0.28493908047676086,1.058693528175354,282,31953.015415557,1774004363.4936
1.3879822492599487,0.3074125051498413,1.0805697441101074,283,31953.153729378,1774004363.6319184
1.3211897611618042,0.2984512746334076,1.0227384567260742,284,31953.292096558,1774004363.7702801
1.4848036766052246,0.4098082184791565,1.074995517730713,285,31953.430501766,1774004363.9087265
1.349556565284729,0.3031121492385864,1.0464444160461426,286,31953.569093715,1774004364.0472717
1.3711321353912354,0.2959563732147217,1.0751757621765137,287,31953.707645413,1774004364.1858284
2.4559316635131836,1.046440601348877,1.4094911813735962,288,34631.685585497,1774007042.163752
2.1082844734191895,0.8239545822143555,1.2843300104141235,289,34631.825754185,1774007042.3038914
2.047729015350342,0.7599031925201416,1.2878259420394897,290,34631.964311469,1774007042.4424715
1.7148990631103516,0.5135114192962646,1.201387643814087,291,34632.102977576,1774007042.581169
1.7729780673980713,0.516151487827301,1.256826639175415,292,34632.241351924,1774007042.719541
1.7497875690460205,0.5015538930892944,1.248233675956726,293,34632.379438639,1774007042.857635
1.655885100364685,0.4601489305496216,1.1957361698150635,294,34632.472187556,1774007042.950361
1.5733892917633057,0.4164573550224304,1.1569318771362305,295,34632.610729987,1774007043.0888972
1.5338764190673828,0.4019627273082733,1.131913661956787,296,34632.749637948,1774007043.227844
1.565420389175415,0.46429702639579773,1.101123332977295,297,34632.88834766,1774007043.3665242
1.389268398284912,0.32833102345466614,1.0609374046325684,298,34633.027426489,1774007043.5056448
1.566758394241333,0.3993540406227112,1.1674044132232666,299,34633.166266538,1774007043.644469
1.4663618803024292,0.35149845480918884,1.114863395690918,300,34633.256731276,1774007043.734959
1.426729679107666,0.30615442991256714,1.1205753087997437,301,34633.393482421,1774007043.8717356
1.4102981090545654,0.24657277762889862,1.1637253761291504,302,34633.527324868,1774007044.0055165
1.5271320343017578,0.432222843170166,1.0949091911315918,303,34633.660949828,1774007044.1391788
1.5722393989562988,0.4459128975868225,1.1263264417648315,304,34633.794683021,1774007044.272884
1.461652398109436,0.31575095653533936,1.1459014415740967,305,34633.928591296,1774007044.4068148
1.3457204103469849,0.22804675996303558,1.117673635482788,306,34634.015701066,1774007044.49394
1.4284617900848389,0.3587075471878052,1.0697542428970337,307,34634.149413337,1774007044.6276612
1.4160621166229248,0.257284939289093,1.1587772369384766,308,34634.283363025,1774007044.7615836
1.3001583814620972,0.24641203880310059,1.0537463426589966,309,34634.417342729,1774007044.8955677
1.3317735195159912,0.2631719708442688,1.0686016082763672,310,34634.551276012,1774007045.0294864
1.3664264678955078,0.34874552488327026,1.0176810026168823,311,34634.685302266,1774007045.1635013
2.4922680854797363,1.1417481899261475,1.3505197763442993,312,37414.471755622,1774009824.9499218
2.1202011108398438,0.7944978475570679,1.3257032632827759,313,37414.612726623,1774009825.0909405
1.916231632232666,0.6972226500511169,1.2190090417861938,314,37414.751805397,1774009825.230045
1.820072889328003,0.536920964717865,1.2831519842147827,315,37414.891818767,1774009825.3699577
1.7488768100738525,0.5771752595901489,1.1717015504837036,316,37415.031863545,1774009825.5100927
1.6773000955581665,0.4377748668193817,1.2395251989364624,317,37415.172774084,1774009825.6510007
1.5562341213226318,0.3154662251472473,1.2407678365707397,318,37415.313147897,1774009825.7912738
1.5498749017715454,0.43080413341522217,1.1190707683563232,319,37415.454653352,1774009825.9328735
1.490665078163147,0.3638838529586792,1.1267812252044678,320,37415.597983142,1774009826.0761836
1.4947818517684937,0.29582905769348145,1.1989527940750122,321,37415.73939738,1774009826.2176301
1.4046586751937866,0.3476211130619049,1.057037591934204,322,37415.88049412,1774009826.3586593
1.619743824005127,0.4243929982185364,1.1953508853912354,323,37416.021370349,1774009826.4995651
1.3832118511199951,0.33169499039649963,1.0515168905258179,324,37416.158344516,1774009826.636515
1.3167414665222168,0.2880380153656006,1.0287034511566162,325,37416.299202967,1774009826.7774339
1.3810415267944336,0.27832838892936707,1.1027131080627441,326,37416.439708608,1774009826.9178927
1.5024893283843994,0.446275532245636,1.0562138557434082,327,37416.580140979,1774009827.0582604
1.3827332258224487,0.2783200442790985,1.1044131517410278,328,37416.72036125,1774009827.1985466
1.5885555744171143,0.3701961636543274,1.2183594703674316,329,37416.860617305,1774009827.3388042
1.3091812133789062,0.27563899755477905,1.0335421562194824,330,37416.997897083,1774009827.4760656
1.2966419458389282,0.22871144115924835,1.0679304599761963,331,37417.138424466,1774009827.6166353
1.4010623693466187,0.3192251920700073,1.0818371772766113,332,37417.278922325,1774009827.757133
1.3476225137710571,0.28416383266448975,1.0634586811065674,333,37417.419635107,1774009827.89784
1.3945213556289673,0.3593953549861908,1.035125970840454,334,37417.560416603,1774009828.0385807
1.3441981077194214,0.324351042509079,1.01984703540802,335,37417.701134634,1774009828.1793284
2.35605525970459,1.0957465171813965,1.260308861732483,336,40216.26283825,1774012626.7410579
1.946505069732666,0.750931978225708,1.195573091506958,337,40216.405052393,1774012626.8831947
1.8143115043640137,0.6504641771316528,1.1638473272323608,338,40216.544941767,1774012627.023086
1.6822922229766846,0.5422764420509338,1.1400158405303955,339,40216.684448506,1774012627.1625948
1.754598617553711,0.5233258605003357,1.23127281665802,340,40216.824088135,1774012627.30234
1.6663886308670044,0.5371925830841064,1.129196047782898,341,40216.959289437,1774012627.4374807
1.4812896251678467,0.4151447117328644,1.0661449432373047,342,40217.082410335,1774012627.56057
1.3393681049346924,0.3390827775001526,1.0002853870391846,343,40217.217618167,1774012627.6958232
1.4033591747283936,0.34735167026519775,1.0560075044631958,344,40217.352796514,1774012627.8309805
1.5271520614624023,0.3974929451942444,1.1296591758728027,345,40217.487877254,1774012627.966092
1.4994879961013794,0.40227770805358887,1.0972102880477905,346,40217.622904254,1774012628.1011229
1.5692737102508545,0.4893624782562256,1.079911231994629,347,40217.757963151,1774012628.23617
1.258182406425476,0.22394640743732452,1.034235954284668,348,40217.878236495,1774012628.3564346
1.3147549629211426,0.3235328793525696,0.9912221431732178,349,40218.013320631,1774012628.4915497
1.3913710117340088,0.3449521064758301,1.0464189052581787,350,40218.148419468,1774012628.626635
1.4032394886016846,0.34089183807373047,1.062347650527954,351,40218.283525797,1774012628.7617145
1.4197638034820557,0.34799569845199585,1.071768045425415,352,40218.418637104,1774012628.8968549
1.3830819129943848,0.32635530829429626,1.0567265748977661,353,40218.553809282,1774012629.0320377
1.3165559768676758,0.27873340249061584,1.0378226041793823,354,40218.674214414,1774012629.1524532
1.3101550340652466,0.28683340549468994,1.0233216285705566,355,40218.809578921,1774012629.2878153
1.311310887336731,0.27998587489128113,1.0313249826431274,356,40218.944893433,1774012629.423135
1.391865849494934,0.36873722076416016,1.023128628730774,357,40219.080323339,1774012629.5585449
1.2759531736373901,0.26230373978614807,1.0136494636535645,358,40219.215860786,1774012629.694093
1.123579740524292,0.25395309925079346,0.8696266412734985,359,40219.351188749,1774012629.8294294
1.9337431192398071,0.7454750537872314,1.1882680654525757,360,42990.25610162,1774015400.7343156
1.7667174339294434,0.6759009957313538,1.0908164978027344,361,42990.398698977,1774015400.8768325
1.7246637344360352,0.6134731769561768,1.1111905574798584,362,42990.539267838,1774015401.0174732
1.747006893157959,0.596554160118103,1.150452733039856,363,42990.680187947,1774015401.1583726
1.5949819087982178,0.5504815578460693,1.0445003509521484,364,42990.821078052,1774015401.2992089
1.5307533740997314,0.43346744775772095,1.0972859859466553,365,42990.961724179,1774015401.4399142
1.5581161975860596,0.49711984395980835,1.0609962940216064,366,42991.077994839,1774015401.5561833
1.358288288116455,0.3917084336280823,0.9665799140930176,367,42991.218598682,1774015401.696794
1.425653338432312,0.40032899379730225,1.0253243446350098,368,42991.358889194,1774015401.8371208
1.380598783493042,0.3990969657897949,0.9815018773078918,369,42991.49952833,1774015401.9777553
1.5893096923828125,0.4073910117149353,1.1819186210632324,370,42991.639959624,1774015402.1181414
1.3986682891845703,0.3831859230995178,1.0154824256896973,371,42991.780363446,1774015402.2585683
1.366931438446045,0.3887505531311035,0.9781808853149414,372,42991.894147188,1774015402.3723392
1.3075926303863525,0.28601235151290894,1.0215803384780884,373,42992.034870602,1774015402.5130317
1.3808469772338867,0.3862009644508362,0.9946459531784058,374,42992.175366863,1774015402.6535542
1.387315273284912,0.32994237542152405,1.0573729276657104,375,42992.315914913,1774015402.7941258
1.3421375751495361,0.31217485666275024,1.0299627780914307,376,42992.456545797,1774015402.9347374
1.3796511888504028,0.336296945810318,1.0433542728424072,377,42992.597020125,1774015403.0752015
1.205704927444458,0.30122220516204834,0.9044827222824097,378,42992.710658298,1774015403.1888514
1.2246196269989014,0.22235922515392303,1.002260446548462,379,42992.851157925,1774015403.3293872
1.3525257110595703,0.3261392116546631,1.0263864994049072,380,42992.992021429,1774015403.4701533
1.30879807472229,0.3803862929344177,0.9284118413925171,381,42993.132667026,1774015403.610833
1.289870262145996,0.3274579346179962,0.9624123573303223,382,42993.273374886,1774015403.7515335
1.2947901487350464,0.2687453329563141,1.0260448455810547,383,42993.413758498,1774015403.8919578
2.0981454849243164,0.8791133165359497,1.2190321683883667,384,45820.613110087,1774018231.0912097
1.874974250793457,0.6917542815208435,1.1832199096679688,385,45820.755144837,1774018231.2332723
1.746570110321045,0.6155782341957092,1.1309919357299805,386,45820.89502461,1774018231.3731837
1.8388361930847168,0.6393721699714661,1.1994640827178955,387,45821.034591861,1774018231.5127723
1.740375280380249,0.6000608801841736,1.1403144598007202,388,45821.173682415,1774018231.6518497
1.703201413154602,0.5976858139038086,1.1055155992507935,389,45821.313327043,1774018231.7914813
1.5315994024276733,0.4349222481250763,1.0966771841049194,390,45821.452365188,1774018231.930601
1.5561522245407104,0.48852288722991943,1.067629337310791,391,45821.592000703,1774018232.0701654
1.488852858543396,0.38612914085388184,1.1027237176895142,392,45821.731582156,1774018232.2096848
1.4061779975891113,0.40410250425338745,1.0020755529403687,393,45821.871498574,1774018232.3496056
1.5286405086517334,0.45009857416152954,1.0785419940948486,394,45822.010863661,1774018232.4890323
1.4866864681243896,0.4193571209907532,1.0673294067382812,395,45822.150161767,1774018232.6283386
1.4370903968811035,0.42102450132369995,1.0160658359527588,396,45822.28619886,1774018232.7644002
1.2707710266113281,0.3037523031234741,0.9670187830924988,397,45822.425376986,1774018232.9035883
1.4086449146270752,0.37433934211730957,1.0343055725097656,398,45822.564769715,1774018233.0429783
1.3343286514282227,0.345358669757843,0.9889699816703796,399,45822.704302184,1774018233.1824574
1.3855092525482178,0.32552385330200195,1.0599853992462158,400,45822.843692559,1774018233.321841
1.3558690547943115,0.3853640556335449,0.9705049395561218,401,45822.983561866,1774018233.4618015
1.3927617073059082,0.362748384475708,1.0300133228302002,402,45823.118746505,1774018233.596975
1.2200634479522705,0.3479993939399719,0.8720640540122986,403,45823.258874922,1774018233.7369778
1.297224760055542,0.35915249586105347,0.9380722641944885,404,45823.398539961,1774018233.8767319
1.3189107179641724,0.33621078729629517,0.9826999306678772,405,45823.538122075,1774018234.0163364
1.2136147022247314,0.29233652353286743,0.9212781190872192,406,45823.677811431,1774018234.1559885
1.3878706693649292,0.3214958906173706,1.0663747787475586,407,45823.817442169,1774018234.2956493
2.0783612728118896,0.8528163433074951,1.2255449295043945,408,48680.748640033,1774021091.2268488
1.875368595123291,0.7309133410453796,1.1444551944732666,409,48680.890324683,1774021091.3684454
1.9516863822937012,0.7541414499282837,1.1975449323654175,410,48681.030234191,1774021091.508425
1.6196855306625366,0.5036381483078003,1.1160473823547363,411,48681.16960598,1774021091.647787
1.7208514213562012,0.6615826487541199,1.0592687129974365,412,48681.309838234,1774021091.788028
1.6162837743759155,0.4576653242111206,1.158618450164795,413,48681.450732946,1774021091.9288852
1.4341707229614258,0.3650769889354706,1.0690937042236328,414,48681.594929367,1774021092.0730984
1.3910000324249268,0.37739235162734985,1.0136077404022217,415,48681.734804353,1774021092.2130122
1.4413108825683594,0.39549416303634644,1.0458167791366577,416,48681.874817016,1774021092.3529932
1.3483800888061523,0.3349519371986389,1.0134282112121582,417,48682.014601316,1774021092.4927564
1.3365122079849243,0.36054080724716187,0.9759714007377625,418,48682.154453328,1774021092.6326556
1.3984336853027344,0.31190353631973267,1.0865302085876465,419,48682.294460423,1774021092.7726662
1.3190882205963135,0.27381962537765503,1.0452685356140137,420,48682.435986605,1774021092.9141786
1.2653720378875732,0.30685535073280334,0.9585167169570923,421,48682.576569908,1774021093.0547695
1.2269909381866455,0.2170589715242386,1.0099319219589233,422,48682.715790489,1774021093.193933
1.315112829208374,0.3664535880088806,0.9486591815948486,423,48682.855062778,1774021093.3332462
1.2550246715545654,0.26077836751937866,0.994246244430542,424,48682.994442138,1774021093.4726486
1.3029433488845825,0.3280113935470581,0.9749319553375244,425,48683.134082511,1774021093.612256
1.2418696880340576,0.2674679160118103,0.9744017720222473,426,48683.275266638,1774021093.7534137
1.214695692062378,0.32110077142715454,0.8935949802398682,427,48683.415060493,1774021093.893292
1.3012416362762451,0.3441509008407593,0.9570907354354858,428,48683.55257738,1774021094.030801
1.3470301628112793,0.3031284809112549,1.0439016819000244,429,48683.689992273,1774021094.168226
1.269514799118042,0.2859608829021454,0.983553946018219,430,48683.827359705,1774021094.3055747
1.270359754562378,0.2765251398086548,0.9938346147537231,431,48683.964781339,1774021094.443011
2.263692855834961,0.9759156703948975,1.2877771854400635,432,51511.403108559,1774023921.881265
1.7997243404388428,0.7040744423866272,1.0956499576568604,433,51511.545821146,1774023922.0239668
1.7025612592697144,0.5953575372695923,1.107203722000122,434,51511.686069897,1774023922.164211
1.726791501045227,0.5470337867736816,1.1797577142715454,435,51511.825690202,1774023922.3038735
1.6489983797073364,0.46690380573272705,1.1820945739746094,436,51511.965748106,1774023922.4439316
1.5871220827102661,0.46839356422424316,1.118728518486023,437,51512.105705247,1774023922.5838954
1.4491336345672607,0.48640990257263184,0.9627237319946289,438,51512.243852556,1774023922.722043
1.3446332216262817,0.3863932192325592,0.9582400321960449,439,51512.383954946,1774023922.8621423
1.3572876453399658,0.3555566966533661,1.0017309188842773,440,51512.525991787,1774023923.0038807
1.371461272239685,0.28720733523368835,1.0842539072036743,441,51512.666054208,1774023923.1442058
1.3815066814422607,0.35129645466804504,1.030210256576538,442,51512.806143619,1774023923.284327
1.5340540409088135,0.4395976662635803,1.0944563150405884,443,51512.946104736,1774023923.4242792
1.293311595916748,0.33855119347572327,0.9547604322433472,444,51513.082415081,1774023923.5606272
1.2743852138519287,0.2968275547027588,0.9775576591491699,445,51513.222342098,1774023923.7005234
1.3937947750091553,0.38899046182632446,1.0048043727874756,446,51513.362284958,1774023923.8404768
1.4286725521087646,0.42546242475509644,1.003210186958313,447,51513.502278895,1774023923.9804416
1.3358651399612427,0.32504022121429443,1.0108249187469482,448,51513.642195366,1774023924.1203203
1.338423252105713,0.390938937664032,0.9474842548370361,449,51513.782700843,1774023924.2608502
1.2835617065429688,0.2707102596759796,1.0128514766693115,450,51513.919519463,1774023924.3976865
1.2554869651794434,0.2926647663116455,0.9628221392631531,451,51514.059644507,1774023924.5378165
1.401894211769104,0.3663749694824219,1.0355192422866821,452,51514.199625395,1774023924.6778
1.2692241668701172,0.28300541639328003,0.9862187504768372,453,51514.33971122,1774023924.817901
1.237980842590332,0.3048627972602844,0.9331181049346924,454,51514.479688162,1774023924.9578893
1.241762399673462,0.28328073024749756,0.9584816694259644,455,51514.61974918,1774023925.097931
